Workbook

Sheet Start here
A1: Radiative Transfer Lab (spreadsheet edition)
A2: Companion to the two courses 'Radiative Transfer' (RT1-RT6) and 'Stellar Atmospheres' (SA1-SA5). One sheet per experiment, labelled with its lecture.
A4: How to use
A5: Yellow cell, blue text | B5: INPUT: type a new value here. Everything else on the sheet updates automatically.
A6: Light-blue cell | B6: RESULT: a formula computed from the inputs (do not type over it).
A7: Tables and charts | B7: Computed from the inputs with formulas; the charts redraw when you change an input.
A8: Cell comments | B8: Hover over an input cell to see what it means and a sensible range.
A9: Example values | B9: Each sheet opens with realistic example values (e.g. the Sun: T_eff = 5772 K).
A11: Sheets
A12: RT1 Optical depth | B12: Beam attenuation, optical depth, magnitudes of extinction
A13: RT1 Intensity | B13: Flux falls as 1/d^2, solid angle too: intensity is conserved
A14: RT2 Planck | B14: Black-body spectrum, Wien peak, Stefan-Boltzmann, RJ and Wien limits
A15: RT2 Random walk | B15: Mean free path, photon diffusion time, thermalisation depth
A16: RT3 Slab & MIT star | B16: Slab solution; MIT two-layer star with Balmer + Paschen lines; thermal inversion
A17: SA1 Saha-Boltzmann | B17: Hydrogen ionisation and n=2 population; why Balmer lines peak in A stars
A18: RT4 Eddington-Barbier | B18: Emergent intensity, limb darkening, Eddington-Barbier error
A19: RT4 Scattering | B19: S = eps B + (1-eps) J: Eddington solution, sqrt(eps) law; Rosseland mean calculator
A20: SA4 Gray atmosphere | B20: Exact gray LTE model: T(tau), limb darkening at any wavelength, emergent spectrum, pressure
A21: SA4 Lines | B21: Milne-Eddington LTE line profile and curve of growth
A22: Constants | B22: Physical constants used by all formulas (named cells)
A23: Data | B23: Fixed mathematical tables from scripts/lte_solvers.py (Hopf q, E2, H-function, exact scattering)
A25: An interactive web version with sliders (same physics) is in app/index.html of the course repository.

Sheet RT1 Optical depth
A1: Lecture RT1 - How much light gets through a slab of gas?
A2: Absorption removes a fixed fraction of the beam per unit length. Optical depth counts mean free paths.
A3: Equation: I(s) = I(0) exp(-tau), tau = alpha * s, A = 1.086 tau [mag]
A5: Inputs
A6: Absorption coefficient alpha | B6: 0.5 | C6: per km
A7: Path length L | B7: 4 | C7: km
A9: Results
A10: Optical depth tau = alpha L | B10: =$B$6*$B$7 -> 2
A11: Transmitted fraction exp(-tau) | B11: =EXP(-$B$10) -> 0.13533528
A12: Extinction A = 2.5 log10(e^tau) | B12: =1.0857*$B$10 -> 2.1714 | C12: mag
A13: Mean free path 1/alpha | B13: =1/$B$6 -> 2 | C13: km
A14: Regime | B14: =IF($B$10<0.3,"optically thin",IF($B$10<3,"intermediate (tau ~ 1)","optically thick")) -> intermediate (tau ~ 1)
E16: s [km] | F16: I(s)/I(0)
E17: =$B$7*1.5*0/40 -> 0 | F17: =EXP(-$B$6*E17) -> 1
E18: =$B$7*1.5*1/40 -> 0.15 | F18: =EXP(-$B$6*E18) -> 0.92774349
E19: =$B$7*1.5*2/40 -> 0.3 | F19: =EXP(-$B$6*E19) -> 0.86070798
E20: =$B$7*1.5*3/40 -> 0.45 | F20: =EXP(-$B$6*E20) -> 0.79851622
E21: =$B$7*1.5*4/40 -> 0.6 | F21: =EXP(-$B$6*E21) -> 0.74081822
E22: =$B$7*1.5*5/40 -> 0.75 | F22: =EXP(-$B$6*E22) -> 0.68728928
E23: =$B$7*1.5*6/40 -> 0.9 | F23: =EXP(-$B$6*E23) -> 0.63762815
E24: =$B$7*1.5*7/40 -> 1.05 | F24: =EXP(-$B$6*E24) -> 0.59155536
E25: =$B$7*1.5*8/40 -> 1.2 | F25: =EXP(-$B$6*E25) -> 0.54881164
E26: =$B$7*1.5*9/40 -> 1.35 | F26: =EXP(-$B$6*E26) -> 0.50915642
E27: =$B$7*1.5*10/40 -> 1.5 | F27: =EXP(-$B$6*E27) -> 0.47236655
E28: =$B$7*1.5*11/40 -> 1.65 | F28: =EXP(-$B$6*E28) -> 0.43823499
E29: =$B$7*1.5*12/40 -> 1.8 | F29: =EXP(-$B$6*E29) -> 0.40656966
E30: =$B$7*1.5*13/40 -> 1.95 | F30: =EXP(-$B$6*E30) -> 0.37719235
E31: =$B$7*1.5*14/40 -> 2.1 | F31: =EXP(-$B$6*E31) -> 0.34993775
E32: =$B$7*1.5*15/40 -> 2.25 | F32: =EXP(-$B$6*E32) -> 0.32465247
E33: =$B$7*1.5*16/40 -> 2.4 | F33: =EXP(-$B$6*E33) -> 0.30119421
E34: =$B$7*1.5*17/40 -> 2.55 | F34: =EXP(-$B$6*E34) -> 0.27943097
E35: =$B$7*1.5*18/40 -> 2.7 | F35: =EXP(-$B$6*E35) -> 0.25924026
E36: =$B$7*1.5*19/40 -> 2.85 | F36: =EXP(-$B$6*E36) -> 0.24050846
E37: =$B$7*1.5*20/40 -> 3 | F37: =EXP(-$B$6*E37) -> 0.22313016
E38: =$B$7*1.5*21/40 -> 3.15 | F38: =EXP(-$B$6*E38) -> 0.20700755
E39: =$B$7*1.5*22/40 -> 3.3 | F39: =EXP(-$B$6*E39) -> 0.19204991
E40: =$B$7*1.5*23/40 -> 3.45 | F40: =EXP(-$B$6*E40) -> 0.17817305
E41: =$B$7*1.5*24/40 -> 3.6 | F41: =EXP(-$B$6*E41) -> 0.16529889
E42: =$B$7*1.5*25/40 -> 3.75 | F42: =EXP(-$B$6*E42) -> 0.15335497
E43: =$B$7*1.5*26/40 -> 3.9 | F43: =EXP(-$B$6*E43) -> 0.14227407
E44: =$B$7*1.5*27/40 -> 4.05 | F44: =EXP(-$B$6*E44) -> 0.13199384
E45: =$B$7*1.5*28/40 -> 4.2 | F45: =EXP(-$B$6*E45) -> 0.12245643
E46: =$B$7*1.5*29/40 -> 4.35 | F46: =EXP(-$B$6*E46) -> 0.11360815
E47: =$B$7*1.5*30/40 -> 4.5 | F47: =EXP(-$B$6*E47) -> 0.10539922
E48: =$B$7*1.5*31/40 -> 4.65 | F48: =EXP(-$B$6*E48) -> 0.097783444
E49: =$B$7*1.5*32/40 -> 4.8 | F49: =EXP(-$B$6*E49) -> 0.090717953
E50: =$B$7*1.5*33/40 -> 4.95 | F50: =EXP(-$B$6*E50) -> 0.08416299
E51: =$B$7*1.5*34/40 -> 5.1 | F51: =EXP(-$B$6*E51) -> 0.078081666
E52: =$B$7*1.5*35/40 -> 5.25 | F52: =EXP(-$B$6*E52) -> 0.072439757
E53: =$B$7*1.5*36/40 -> 5.4 | F53: =EXP(-$B$6*E53) -> 0.067205513
E54: =$B$7*1.5*37/40 -> 5.55 | F54: =EXP(-$B$6*E54) -> 0.062349477
E55: =$B$7*1.5*38/40 -> 5.7 | F55: =EXP(-$B$6*E55) -> 0.057844321
E56: =$B$7*1.5*39/40 -> 5.85 | F56: =EXP(-$B$6*E56) -> 0.053664692
E57: =$B$7*1.5*40/40 -> 6 | F57: =EXP(-$B$6*E57) -> 0.049787068

Sheet RT1 Intensity
A1: Lecture RT1 - Why a star looks equally bright per square arcsecond from any distance
A2: Flux falls as 1/d^2, but the solid angle of the star falls in exactly the same way: their ratio, the intensity, is constant.
A3: Equation: F(d) = sigma T^4 (R/d)^2, Omega = pi (R/d)^2, I = F/Omega = sigma T^4 / pi
A5: Inputs
A6: Effective temperature T_eff | B6: 5772 | C6: K
A7: Stellar radius R | B7: 1 | C7: R_sun
A8: Distance d | B8: 1 | C8: AU
A10: Results
A11: Surface flux sigma T^4 | B11: =sigSB*$B$6^4 -> 62938588 | C11: W m^-2
A12: (R/d)^2 | B12: =($B$7*Rsun/($B$8*AU))^2 -> 2.1626846e-05
A13: Flux received F | B13: =$B$11*$B$12 -> 1361.1631 | C13: W m^-2
A14: Solid angle Omega | B14: =PI()*$B$12 -> 6.794274e-05 | C14: sr
A15: Intensity I = F / Omega | B15: =B13/B14 -> 20033975 | C15: W m^-2 sr^-1
A16: Same as sigma T^4 / pi ? | B16: =$B$11/PI() -> 20033975 | C16: W m^-2 sr^-1
A17: Angular diameter | B17: =2*ASIN(SQRT($B$12))*206264.806 -> 1918.4624 | C17: arcsec
A18: Luminosity | B18: =4*PI()*($B$7*Rsun)^2*$B$11/Lsun -> 0.99999755 | C18: L_sun
E20: d [AU] | F20: F / F_surface | G20: Omega / pi | H20: I / I_surface
E21: 0.01 | F21: =($B$7*Rsun/(E21*AU))^2 -> 0.21626846 | G21: =F21 -> 0.21626846 | H21: =1 -> 1
E22: 0.017782794 | F22: =($B$7*Rsun/(E22*AU))^2 -> 0.068390091 | G22: =F22 -> 0.068390091 | H22: =1 -> 1
E23: 0.031622777 | F23: =($B$7*Rsun/(E23*AU))^2 -> 0.021626846 | G23: =F23 -> 0.021626846 | H23: =1 -> 1
E24: 0.056234133 | F24: =($B$7*Rsun/(E24*AU))^2 -> 0.0068390091 | G24: =F24 -> 0.0068390091 | H24: =1 -> 1
E25: 0.1 | F25: =($B$7*Rsun/(E25*AU))^2 -> 0.0021626846 | G25: =F25 -> 0.0021626846 | H25: =1 -> 1
E26: 0.17782794 | F26: =($B$7*Rsun/(E26*AU))^2 -> 0.00068390091 | G26: =F26 -> 0.00068390091 | H26: =1 -> 1
E27: 0.31622777 | F27: =($B$7*Rsun/(E27*AU))^2 -> 0.00021626846 | G27: =F27 -> 0.00021626846 | H27: =1 -> 1
E28: 0.56234133 | F28: =($B$7*Rsun/(E28*AU))^2 -> 6.8390091e-05 | G28: =F28 -> 6.8390091e-05 | H28: =1 -> 1
E29: 1 | F29: =($B$7*Rsun/(E29*AU))^2 -> 2.1626846e-05 | G29: =F29 -> 2.1626846e-05 | H29: =1 -> 1
E30: 1.7782794 | F30: =($B$7*Rsun/(E30*AU))^2 -> 6.8390091e-06 | G30: =F30 -> 6.8390091e-06 | H30: =1 -> 1
E31: 3.1622777 | F31: =($B$7*Rsun/(E31*AU))^2 -> 2.1626846e-06 | G31: =F31 -> 2.1626846e-06 | H31: =1 -> 1
E32: 5.6234133 | F32: =($B$7*Rsun/(E32*AU))^2 -> 6.8390091e-07 | G32: =F32 -> 6.8390091e-07 | H32: =1 -> 1
... E53: 1000000 | F53: =($B$7*Rsun/(E53*AU))^2 -> 2.1626846e-17 | G53: =F53 -> 2.1626846e-17 | H53: =1 -> 1

Sheet RT2 Planck
A1: Lecture RT2 - How a black body changes with temperature
A2: Raise T: the peak moves to shorter wavelengths (Wien) and the total flux grows as T^4 (Stefan-Boltzmann).
A3: Equation: B_lambda(T) = 2hc^2/lambda^5 / (exp(hc/(lambda k T)) - 1); lambda_max T = 2.898e-3 m K; F = sigma T^4
A5: Inputs
A6: Temperature T | B6: 5772 | C6: K
A7: Comparison temperature | B7: 5772 | C7: K
A9: Results
A10: Peak wavelength lambda_max | B10: =0.002897771955/$B$6*1000000000 -> 502.03949 | C10: nm
A11: Peak frequency nu_max = 5.879e10 T | B11: =58790000000*$B$6 -> 339335880000000 | C11: Hz
A12: Surface flux sigma T^4 | B12: =sigSB*$B$6^4 -> 62938588 | C12: W m^-2
A13: Flux relative to the Sun | B13: =($B$6/5772)^4 -> 1
A14: B_lambda at 500 nm | B14: =2*hP*cL^2/(0.0000005)^5/(EXP(hP*cL/(0.0000005*kB*$B$6))-1) -> 2.6238541e+13 | C14: W m^-3 sr^-1
A15: x = hc/(lambda k T) at 500 nm | B15: =hP*cL/(0.0000005*kB*$B$6) -> 4.9853669
E17: lambda [nm] | F17: B_lambda(T) | G17: B_lambda(T2) | H17: Rayleigh-Jeans | I17: Wien
E18: 100 | F18: =2*hP*cL^2/(E18*0.000000001)^5/(EXP(hP*cL/(E18*0.000000001*kB*$B$6))-1) -> 1.7796755e+08 | G18: =2*hP*cL^2/(E18*0.000000001)^5/(EXP(hP*cL/(E18*0.000000001*kB*$B$7))-1) -> 1.7796755e+08 | H18: =2*cL*kB*$B$6/(E18*0.000000001)^4 -> 4.7781558e+17 | I18: =2*hP*cL^2/(E18*0.000000001)^5*EXP(-hP*cL/(E18*0.000000001*kB*$B$6)) -> 1.7796755e+08
E19: 106.86 | F19: =2*hP*cL^2/(E19*0.000000001)^5/(EXP(hP*cL/(E19*0.000000001*kB*$B$6))-1) -> 6.3274089e+08 | G19: =2*hP*cL^2/(E19*0.000000001)^5/(EXP(hP*cL/(E19*0.000000001*kB*$B$7))-1) -> 6.3274089e+08 | H19: =2*cL*kB*$B$6/(E19*0.000000001)^4 -> 3.6643726e+17 | I19: =2*hP*cL^2/(E19*0.000000001)^5*EXP(-hP*cL/(E19*0.000000001*kB*$B$6)) -> 6.3274089e+08
E20: 114.18 | F20: =2*hP*cL^2/(E20*0.000000001)^5/(EXP(hP*cL/(E20*0.000000001*kB*$B$6))-1) -> 2.0268373e+09 | G20: =2*hP*cL^2/(E20*0.000000001)^5/(EXP(hP*cL/(E20*0.000000001*kB*$B$7))-1) -> 2.0268373e+09 | H20: =2*cL*kB*$B$6/(E20*0.000000001)^4 -> 2.8112544e+17 | I20: =2*hP*cL^2/(E20*0.000000001)^5*EXP(-hP*cL/(E20*0.000000001*kB*$B$6)) -> 2.0268373e+09
E21: 122.01 | F21: =2*hP*cL^2/(E21*0.000000001)^5/(EXP(hP*cL/(E21*0.000000001*kB*$B$6))-1) -> 5.9053539e+09 | G21: =2*hP*cL^2/(E21*0.000000001)^5/(EXP(hP*cL/(E21*0.000000001*kB*$B$7))-1) -> 5.9053539e+09 | H21: =2*cL*kB*$B$6/(E21*0.000000001)^4 -> 2.1561481e+17 | I21: =2*hP*cL^2/(E21*0.000000001)^5*EXP(-hP*cL/(E21*0.000000001*kB*$B$6)) -> 5.9053539e+09
E22: 130.37 | F22: =2*hP*cL^2/(E22*0.000000001)^5/(EXP(hP*cL/(E22*0.000000001*kB*$B$6))-1) -> 1.5714426e+10 | G22: =2*hP*cL^2/(E22*0.000000001)^5/(EXP(hP*cL/(E22*0.000000001*kB*$B$7))-1) -> 1.5714426e+10 | H22: =2*cL*kB*$B$6/(E22*0.000000001)^4 -> 1.6540538e+17 | I22: =2*hP*cL^2/(E22*0.000000001)^5*EXP(-hP*cL/(E22*0.000000001*kB*$B$6)) -> 1.5714426e+10
E23: 139.31 | F23: =2*hP*cL^2/(E23*0.000000001)^5/(EXP(hP*cL/(E23*0.000000001*kB*$B$6))-1) -> 3.8472896e+10 | G23: =2*hP*cL^2/(E23*0.000000001)^5/(EXP(hP*cL/(E23*0.000000001*kB*$B$7))-1) -> 3.8472896e+10 | H23: =2*cL*kB*$B$6/(E23*0.000000001)^4 -> 1.2686188e+17 | I23: =2*hP*cL^2/(E23*0.000000001)^5*EXP(-hP*cL/(E23*0.000000001*kB*$B$6)) -> 3.8472895e+10
E24: 148.86 | F24: =2*hP*cL^2/(E24*0.000000001)^5/(EXP(hP*cL/(E24*0.000000001*kB*$B$6))-1) -> 8.7038212e+10 | G24: =2*hP*cL^2/(E24*0.000000001)^5/(EXP(hP*cL/(E24*0.000000001*kB*$B$7))-1) -> 8.7038212e+10 | H24: =2*cL*kB*$B$6/(E24*0.000000001)^4 -> 9.7307932e+16 | I24: =2*hP*cL^2/(E24*0.000000001)^5*EXP(-hP*cL/(E24*0.000000001*kB*$B$6)) -> 8.7038207e+10
E25: 159.06 | F25: =2*hP*cL^2/(E25*0.000000001)^5/(EXP(hP*cL/(E25*0.000000001*kB*$B$6))-1) -> 1.8287143e+11 | G25: =2*hP*cL^2/(E25*0.000000001)^5/(EXP(hP*cL/(E25*0.000000001*kB*$B$7))-1) -> 1.8287143e+11 | H25: =2*cL*kB*$B$6/(E25*0.000000001)^4 -> 7.4647693e+16 | I25: =2*hP*cL^2/(E25*0.000000001)^5*EXP(-hP*cL/(E25*0.000000001*kB*$B$6)) -> 1.8287141e+11
E26: 169.97 | F26: =2*hP*cL^2/(E26*0.000000001)^5/(EXP(hP*cL/(E26*0.000000001*kB*$B$6))-1) -> 3.5888075e+11 | G26: =2*hP*cL^2/(E26*0.000000001)^5/(EXP(hP*cL/(E26*0.000000001*kB*$B$7))-1) -> 3.5888075e+11 | H26: =2*cL*kB*$B$6/(E26*0.000000001)^4 -> 5.7249435e+16 | I26: =2*hP*cL^2/(E26*0.000000001)^5*EXP(-hP*cL/(E26*0.000000001*kB*$B$6)) -> 3.588806e+11
E27: 181.62 | F27: =2*hP*cL^2/(E27*0.000000001)^5/(EXP(hP*cL/(E27*0.000000001*kB*$B$6))-1) -> 6.5999386e+11 | G27: =2*hP*cL^2/(E27*0.000000001)^5/(EXP(hP*cL/(E27*0.000000001*kB*$B$7))-1) -> 6.5999386e+11 | H27: =2*cL*kB*$B$6/(E27*0.000000001)^4 -> 4.3914265e+16 | I27: =2*hP*cL^2/(E27*0.000000001)^5*EXP(-hP*cL/(E27*0.000000001*kB*$B$6)) -> 6.5999314e+11
E28: 194.07 | F28: =2*hP*cL^2/(E28*0.000000001)^5/(EXP(hP*cL/(E28*0.000000001*kB*$B$6))-1) -> 1.1427468e+12 | G28: =2*hP*cL^2/(E28*0.000000001)^5/(EXP(hP*cL/(E28*0.000000001*kB*$B$7))-1) -> 1.1427468e+12 | H28: =2*cL*kB*$B$6/(E28*0.000000001)^4 -> 3.3684234e+16 | I28: =2*hP*cL^2/(E28*0.000000001)^5*EXP(-hP*cL/(E28*0.000000001*kB*$B$6)) -> 1.1427438e+12
E29: 207.38 | F29: =2*hP*cL^2/(E29*0.000000001)^5/(EXP(hP*cL/(E29*0.000000001*kB*$B$6))-1) -> 1.8703662e+12 | G29: =2*hP*cL^2/(E29*0.000000001)^5/(EXP(hP*cL/(E29*0.000000001*kB*$B$7))-1) -> 1.8703662e+12 | H29: =2*cL*kB*$B$6/(E29*0.000000001)^4 -> 2.5834069e+16 | I29: =2*hP*cL^2/(E29*0.000000001)^5*EXP(-hP*cL/(E29*0.000000001*kB*$B$6)) -> 1.8703549e+12
... E77: 5000 | F77: =2*hP*cL^2/(E77*0.000000001)^5/(EXP(hP*cL/(E77*0.000000001*kB*$B$6))-1) -> 5.8970694e+10 | G77: =2*hP*cL^2/(E77*0.000000001)^5/(EXP(hP*cL/(E77*0.000000001*kB*$B$7))-1) -> 5.8970694e+10 | H77: =2*cL*kB*$B$6/(E77*0.000000001)^4 -> 7.6450492e+10 | I77: =2*hP*cL^2/(E77*0.000000001)^5*EXP(-hP*cL/(E77*0.000000001*kB*$B$6)) -> 2.3150783e+10

Sheet RT2 Random walk
A1: Lecture RT2 - How long does light take to leave a star?
A2: A scattered photon random-walks: after N steps of length l it is only sqrt(N) l away, so escaping from optical depth tau takes N ~ tau^2 steps.
A3: Equation: l = 1/(n sigma), tau = R/l, N = tau^2, t = R^2/(l c), thermalisation depth ~ 1/sqrt(eps)
A5: Inputs (default: uniform Sun, Thomson scattering)
A6: Mass | B6: 1 | C6: M_sun
A7: Radius | B7: 1 | C7: R_sun
A8: Hydrogen mass fraction X | B8: 0.7
A9: Destruction probability eps | B9: 0.001
A11: Results
A12: Mean density | B12: =$B$6*1.989E+030/(4/3*PI()*($B$7*Rsun)^3) -> 1410.1982 | C12: kg m^-3
A13: Electron density n_e = rho/(mu_e m_H) | B13: =$B$12/((2/(1+$B$8))*mH) -> 7.1626441e+29 | C13: m^-3
A14: Mean free path l = 1/(n_e sigma_T) | B14: =1/($B$13*sigT) -> 0.020986714 | C14: m
A15: Optical radius tau = R/l | B15: =$B$7*Rsun/$B$14 -> 3.3149544e+10
A16: Number of scatterings N = tau^2 | B16: =$B$15^2 -> 1.0988923e+21
A17: Diffusion time R^2/(l c) | B17: =($B$7*Rsun)^2/($B$14*cL)/yr -> 2437.6699 | C17: years
A18: Light-crossing time R/c | B18: =$B$7*Rsun/cL -> 2.3206054 | C18: s
A19: Thermalisation depth 1/sqrt(eps) | B19: =1/SQRT($B$9) -> 31.622777
A20: Scatterings before destruction 1/eps | B20: =1/$B$9 -> 1000
E22: cloud tau | F22: N = tau^2 | G22: escape chance ~ exp(-tau sqrt(3 eps))
E23: 1 | F23: =E23^2 -> 1 | G23: =MIN(1,EXP(-E23*SQRT(3*$B$9))) -> 0.94670073
E24: 2 | F24: =E24^2 -> 4 | G24: =MIN(1,EXP(-E24*SQRT(3*$B$9))) -> 0.89624227
E25: 3 | F25: =E25^2 -> 9 | G25: =MIN(1,EXP(-E25*SQRT(3*$B$9))) -> 0.84847321
E26: 4 | F26: =E26^2 -> 16 | G26: =MIN(1,EXP(-E26*SQRT(3*$B$9))) -> 0.80325021
E27: 5 | F27: =E27^2 -> 25 | G27: =MIN(1,EXP(-E27*SQRT(3*$B$9))) -> 0.76043756
E28: 6 | F28: =E28^2 -> 36 | G28: =MIN(1,EXP(-E28*SQRT(3*$B$9))) -> 0.71990679
E29: 7 | F29: =E29^2 -> 49 | G29: =MIN(1,EXP(-E29*SQRT(3*$B$9))) -> 0.68153628
E30: 8 | F30: =E30^2 -> 64 | G30: =MIN(1,EXP(-E30*SQRT(3*$B$9))) -> 0.6452109
E31: 9 | F31: =E31^2 -> 81 | G31: =MIN(1,EXP(-E31*SQRT(3*$B$9))) -> 0.61082163
E32: 10 | F32: =E32^2 -> 100 | G32: =MIN(1,EXP(-E32*SQRT(3*$B$9))) -> 0.57826528
E33: 11 | F33: =E33^2 -> 121 | G33: =MIN(1,EXP(-E33*SQRT(3*$B$9))) -> 0.54744416
E34: 12 | F34: =E34^2 -> 144 | G34: =MIN(1,EXP(-E34*SQRT(3*$B$9))) -> 0.51826579
... E52: 30 | F52: =E52^2 -> 900 | G52: =MIN(1,EXP(-E52*SQRT(3*$B$9))) -> 0.19336655

Sheet RT3 Slab & MIT star
A1: Lecture RT3 - Absorption or emission lines? A slab and the MIT 8.901 two-layer star
A2: The beam relaxes toward the source function. Lines are dark if the gas in front is cooler than the background, bright if hotter.
A3: Equation: I = I0 exp(-tau) + S (1 - exp(-tau)); I = B(T_base) exp(-tau) + B(T_top) (1 - exp(-tau))
A5: Part A - uniform slab | M5: n1 | N5: n2 | O5: lambda0 [nm] (Rydberg) | P5: relative strength
A6: Incoming intensity I(0)/S | B6: 2.2 | M6: 2 | N6: 3 | O6: 656.467 | P6: 1
A7: Slab optical depth tau | B7: 1.5 | M7: 2 | N7: 4 | O7: 486.272 | P7: 0.42188
A8: Emergent I/S | B8: =$B$6*EXP(-$B$7)+(1-EXP(-$B$7)) -> 1.2677562 | M8: 2 | N8: 5 | O8: 434.171 | P8: 0.216
M9: 2 | N9: 6 | O9: 410.292 | P9: 0.125
A10: Part B - MIT two-layer star | M10: 2 | N10: 7 | O10: 397.122 | P10: 0.07872
A11: T_base (thick interior) | B11: 6500 | C11: K | M11: 2 | N11: 8 | O11: 389.018 | P11: 0.05273
A12: T_top (thin upper layer) | B12: 4500 | C12: K | M12: 2 | N12: 9 | O12: 383.65 | P12: 0.03704
A13: Line strength tau0 (H-alpha) | B13: 2 | M13: 2 | N13: 10 | O13: 379.9 | P13: 0.027
A14: Continuum optical depth tau_c | B14: 0.02 | M14: 2 | N14: 11 | O14: 377.172 | P14: 0.02029
A15: Background: 1 = thick base, 0 = dark sky | B15: 1 | M15: 2 | N15: 12 | O15: 375.124 | P15: 0.01562
M16: 2 | N16: 13 | O16: 373.545 | P16: 0.01229
A17: Results at H-alpha (656.47 nm) | M17: 3 | N17: 4 | O17: 1875.62 | P17: 0.6
A18: tau at line centre | B18: =$B$14+$B$13*SUMPRODUCT($P$6:$P$27,EXP(0-((656.47-$O$6:$O$27)/1.2)^2)) -> 2.0199875 | M18: 3 | N18: 5 | O18: 1282.162 | P18: 0.3072
A19: Continuum intensity | B19: =$B$15*(2*hP*cL^2/(0.00000065647)^5/(EXP(hP*cL/(0.00000065647*kB*$B$11))-1))*EXP(-$B$14)+(2*hP*cL^2/(0.00000065647)^5/(EXP(hP*cL/(0.00000065647*kB*$B$12))-1))*(1-EXP(-$B$14)) -> 3.4188094e+13 | C19: W m^-3 sr^-1 | M19: 3 | N19: 6 | O19: 1094.112 | P19: 0.17778
A20: Line-centre intensity | B20: =$B$15*(2*hP*cL^2/(0.00000065647)^5/(EXP(hP*cL/(0.00000065647*kB*$B$11))-1))*EXP(-$B$18)+(2*hP*cL^2/(0.00000065647)^5/(EXP(hP*cL/(0.00000065647*kB*$B$12))-1))*(1-EXP(-$B$18)) -> 11155949625583 | C20: W m^-3 sr^-1 | M20: 3 | N20: 7 | O20: 1005.215 | P20: 0.11195
A21: Line depth 1 - I_line/I_cont | B21: =1-$B$20/$B$19 -> 0.67368905 | C21: (negative = emission) | M21: 3 | N21: 8 | O21: 954.861 | P21: 0.075
A22: Line type | B22: =IF($B$20<$B$19,"absorption line","emission line") -> absorption line | M22: 3 | N22: 9 | O22: 923.157 | P22: 0.05267
M23: 3 | N23: 10 | O23: 901.741 | P23: 0.0384
M24: 3 | N24: 11 | O24: 886.524 | P24: 0.02885
E25: tau | F25: I/S | G25: S | H25: lambda [nm] | I25: tau(lambda) | J25: I [1e12] | K25: B(T_base) x bg [1e12] | L25: B(T_top) [1e12] | M25: 3 | N25: 12 | O25: 875.289 | P25: 0.02222
E26: =6*0/30 -> 0 | F26: =$B$6*EXP(-E26)+(1-EXP(-E26)) -> 2.2 | G26: =1 -> 1 | H26: 360 | I26: =$B$14+$B$13*SUMPRODUCT($P$6:$P$27,EXP(0-((H26-$O$6:$O$27)/1.2)^2)) -> 0.02 | J26: =($B$15*(2*hP*cL^2/(H26*0.000000001)^5/(EXP(hP*cL/(H26*0.000000001*kB*$B$11))-1))*EXP(-I26)+(2*hP*cL^2/(H26*0.000000001)^5/(EXP(hP*cL/(H26*0.000000001*kB*$B$12))-1))*(1-EXP(-I26)))/1000000000000 -> 41.391926 | K26: =$B$15*(2*hP*cL^2/(H26*0.000000001)^5/(EXP(hP*cL/(H26*0.000000001*kB*$B$11))-1))/1000000000000 -> 42.172796 | L26: =(2*hP*cL^2/(H26*0.000000001)^5/(EXP(hP*cL/(H26*0.000000001*kB*$B$12))-1))/1000000000000 -> 2.7375299 | M26: 3 | N26: 13 | O26: 866.742 | P26: 0.01748
E27: =6*1/30 -> 0.2 | F27: =$B$6*EXP(-E27)+(1-EXP(-E27)) -> 1.9824769 | G27: =1 -> 1 | H27: 362 | I27: =$B$14+$B$13*SUMPRODUCT($P$6:$P$27,EXP(0-((H27-$O$6:$O$27)/1.2)^2)) -> 0.02 | J27: =($B$15*(2*hP*cL^2/(H27*0.000000001)^5/(EXP(hP*cL/(H27*0.000000001*kB*$B$11))-1))*EXP(-I27)+(2*hP*cL^2/(H27*0.000000001)^5/(EXP(hP*cL/(H27*0.000000001*kB*$B$12))-1))*(1-EXP(-I27)))/1000000000000 -> 41.65615 | K27: =$B$15*(2*hP*cL^2/(H27*0.000000001)^5/(EXP(hP*cL/(H27*0.000000001*kB*$B$11))-1))/1000000000000 -> 42.441163 | L27: =(2*hP*cL^2/(H27*0.000000001)^5/(EXP(hP*cL/(H27*0.000000001*kB*$B$12))-1))/1000000000000 -> 2.7966724 | M27: 3 | N27: 14 | O27: 860.077 | P27: 0.01399
E28: =6*2/30 -> 0.4 | F28: =$B$6*EXP(-E28)+(1-EXP(-E28)) -> 1.8043841 | G28: =1 -> 1 | H28: 364 | I28: =$B$14+$B$13*SUMPRODUCT($P$6:$P$27,EXP(0-((H28-$O$6:$O$27)/1.2)^2)) -> 0.02 | J28: =($B$15*(2*hP*cL^2/(H28*0.000000001)^5/(EXP(hP*cL/(H28*0.000000001*kB*$B$11))-1))*EXP(-I28)+(2*hP*cL^2/(H28*0.000000001)^5/(EXP(hP*cL/(H28*0.000000001*kB*$B$12))-1))*(1-EXP(-I28)))/1000000000000 -> 41.912885 | K28: =$B$15*(2*hP*cL^2/(H28*0.000000001)^5/(EXP(hP*cL/(H28*0.000000001*kB*$B$11))-1))/1000000000000 -> 42.701887 | L28: =(2*hP*cL^2/(H28*0.000000001)^5/(EXP(hP*cL/(H28*0.000000001*kB*$B$12))-1))/1000000000000 -> 2.855989
E29: =6*3/30 -> 0.6 | F29: =$B$6*EXP(-E29)+(1-EXP(-E29)) -> 1.658574 | G29: =1 -> 1 | H29: 366 | I29: =$B$14+$B$13*SUMPRODUCT($P$6:$P$27,EXP(0-((H29-$O$6:$O$27)/1.2)^2)) -> 0.02 | J29: =($B$15*(2*hP*cL^2/(H29*0.000000001)^5/(EXP(hP*cL/(H29*0.000000001*kB*$B$11))-1))*EXP(-I29)+(2*hP*cL^2/(H29*0.000000001)^5/(EXP(hP*cL/(H29*0.000000001*kB*$B$12))-1))*(1-EXP(-I29)))/1000000000000 -> 42.162161 | K29: =$B$15*(2*hP*cL^2/(H29*0.000000001)^5/(EXP(hP*cL/(H29*0.000000001*kB*$B$11))-1))/1000000000000 -> 42.954997 | L29: =(2*hP*cL^2/(H29*0.000000001)^5/(EXP(hP*cL/(H29*0.000000001*kB*$B$12))-1))/1000000000000 -> 2.9154582
E30: =6*4/30 -> 0.8 | F30: =$B$6*EXP(-E30)+(1-EXP(-E30)) -> 1.5391948 | G30: =1 -> 1 | H30: 368 | I30: =$B$14+$B$13*SUMPRODUCT($P$6:$P$27,EXP(0-((H30-$O$6:$O$27)/1.2)^2)) -> 0.02 | J30: =($B$15*(2*hP*cL^2/(H30*0.000000001)^5/(EXP(hP*cL/(H30*0.000000001*kB*$B$11))-1))*EXP(-I30)+(2*hP*cL^2/(H30*0.000000001)^5/(EXP(hP*cL/(H30*0.000000001*kB*$B$12))-1))*(1-EXP(-I30)))/1000000000000 -> 42.40401 | K30: =$B$15*(2*hP*cL^2/(H30*0.000000001)^5/(EXP(hP*cL/(H30*0.000000001*kB*$B$11))-1))/1000000000000 -> 43.200528 | L30: =(2*hP*cL^2/(H30*0.000000001)^5/(EXP(hP*cL/(H30*0.000000001*kB*$B$12))-1))/1000000000000 -> 2.9750584
E31: =6*5/30 -> 1 | F31: =$B$6*EXP(-E31)+(1-EXP(-E31)) -> 1.4414553 | G31: =1 -> 1 | H31: 370 | I31: =$B$14+$B$13*SUMPRODUCT($P$6:$P$27,EXP(0-((H31-$O$6:$O$27)/1.2)^2)) -> 0.020003986 | J31: =($B$15*(2*hP*cL^2/(H31*0.000000001)^5/(EXP(hP*cL/(H31*0.000000001*kB*$B$11))-1))*EXP(-I31)+(2*hP*cL^2/(H31*0.000000001)^5/(EXP(hP*cL/(H31*0.000000001*kB*$B$12))-1))*(1-EXP(-I31)))/1000000000000 -> 42.638311 | K31: =$B$15*(2*hP*cL^2/(H31*0.000000001)^5/(EXP(hP*cL/(H31*0.000000001*kB*$B$11))-1))/1000000000000 -> 43.438517 | L31: =(2*hP*cL^2/(H31*0.000000001)^5/(EXP(hP*cL/(H31*0.000000001*kB*$B$12))-1))/1000000000000 -> 3.0347681
E32: =6*6/30 -> 1.2 | F32: =$B$6*EXP(-E32)+(1-EXP(-E32)) -> 1.3614331 | G32: =1 -> 1 | H32: 372 | I32: =$B$14+$B$13*SUMPRODUCT($P$6:$P$27,EXP(0-((H32-$O$6:$O$27)/1.2)^2)) -> 0.024720175 | J32: =($B$15*(2*hP*cL^2/(H32*0.000000001)^5/(EXP(hP*cL/(H32*0.000000001*kB*$B$11))-1))*EXP(-I32)+(2*hP*cL^2/(H32*0.000000001)^5/(EXP(hP*cL/(H32*0.000000001*kB*$B$12))-1))*(1-EXP(-I32)))/1000000000000 -> 42.678295 | K32: =$B$15*(2*hP*cL^2/(H32*0.000000001)^5/(EXP(hP*cL/(H32*0.000000001*kB*$B$11))-1))/1000000000000 -> 43.669007 | L32: =(2*hP*cL^2/(H32*0.000000001)^5/(EXP(hP*cL/(H32*0.000000001*kB*$B$12))-1))/1000000000000 -> 3.0945664
E33: =6*7/30 -> 1.4 | F33: =$B$6*EXP(-E33)+(1-EXP(-E33)) -> 1.2959164 | G33: =1 -> 1 | H33: 374 | I33: =$B$14+$B$13*SUMPRODUCT($P$6:$P$27,EXP(0-((H33-$O$6:$O$27)/1.2)^2)) -> 0.054318227 | J33: =($B$15*(2*hP*cL^2/(H33*0.000000001)^5/(EXP(hP*cL/(H33*0.000000001*kB*$B$11))-1))*EXP(-I33)+(2*hP*cL^2/(H33*0.000000001)^5/(EXP(hP*cL/(H33*0.000000001*kB*$B$12))-1))*(1-EXP(-I33)))/1000000000000 -> 41.738271 | K33: =$B$15*(2*hP*cL^2/(H33*0.000000001)^5/(EXP(hP*cL/(H33*0.000000001*kB*$B$11))-1))/1000000000000 -> 43.892041 | L33: =(2*hP*cL^2/(H33*0.000000001)^5/(EXP(hP*cL/(H33*0.000000001*kB*$B$12))-1))/1000000000000 -> 3.1544322
E34: =6*8/30 -> 1.6 | F34: =$B$6*EXP(-E34)+(1-EXP(-E34)) -> 1.2422758 | G34: =1 -> 1 | H34: 376 | I34: =$B$14+$B$13*SUMPRODUCT($P$6:$P$27,EXP(0-((H34-$O$6:$O$27)/1.2)^2)) -> 0.054343379 | J34: =($B$15*(2*hP*cL^2/(H34*0.000000001)^5/(EXP(hP*cL/(H34*0.000000001*kB*$B$11))-1))*EXP(-I34)+(2*hP*cL^2/(H34*0.000000001)^5/(EXP(hP*cL/(H34*0.000000001*kB*$B$12))-1))*(1-EXP(-I34)))/1000000000000 -> 41.944692 | K34: =$B$15*(2*hP*cL^2/(H34*0.000000001)^5/(EXP(hP*cL/(H34*0.000000001*kB*$B$11))-1))/1000000000000 -> 44.10767 | L34: =(2*hP*cL^2/(H34*0.000000001)^5/(EXP(hP*cL/(H34*0.000000001*kB*$B$12))-1))/1000000000000 -> 3.214345
E35: =6*9/30 -> 1.8 | F35: =$B$6*EXP(-E35)+(1-EXP(-E35)) -> 1.1983587 | G35: =1 -> 1 | H35: 378 | I35: =$B$14+$B$13*SUMPRODUCT($P$6:$P$27,EXP(0-((H35-$O$6:$O$27)/1.2)^2)) -> 0.049710319 | J35: =($B$15*(2*hP*cL^2/(H35*0.000000001)^5/(EXP(hP*cL/(H35*0.000000001*kB*$B$11))-1))*EXP(-I35)+(2*hP*cL^2/(H35*0.000000001)^5/(EXP(hP*cL/(H35*0.000000001*kB*$B$12))-1))*(1-EXP(-I35)))/1000000000000 -> 42.325628 | K35: =$B$15*(2*hP*cL^2/(H35*0.000000001)^5/(EXP(hP*cL/(H35*0.000000001*kB*$B$11))-1))/1000000000000 -> 44.315943 | L35: =(2*hP*cL^2/(H35*0.000000001)^5/(EXP(hP*cL/(H35*0.000000001*kB*$B$12))-1))/1000000000000 -> 3.2742841
E36: =6*10/30 -> 2 | F36: =$B$6*EXP(-E36)+(1-EXP(-E36)) -> 1.1624023 | G36: =1 -> 1 | H36: 380 | I36: =$B$14+$B$13*SUMPRODUCT($P$6:$P$27,EXP(0-((H36-$O$6:$O$27)/1.2)^2)) -> 0.073790551 | J36: =($B$15*(2*hP*cL^2/(H36*0.000000001)^5/(EXP(hP*cL/(H36*0.000000001*kB*$B$11))-1))*EXP(-I36)+(2*hP*cL^2/(H36*0.000000001)^5/(EXP(hP*cL/(H36*0.000000001*kB*$B$12))-1))*(1-EXP(-I36)))/1000000000000 -> 41.587435 | K36: =$B$15*(2*hP*cL^2/(H36*0.000000001)^5/(EXP(hP*cL/(H36*0.000000001*kB*$B$11))-1))/1000000000000 -> 44.516915 | L36: =(2*hP*cL^2/(H36*0.000000001)^5/(EXP(hP*cL/(H36*0.000000001*kB*$B$12))-1))/1000000000000 -> 3.3342295
E37: =6*11/30 -> 2.2 | F37: =$B$6*EXP(-E37)+(1-EXP(-E37)) -> 1.1329638 | G37: =1 -> 1 | H37: 382 | I37: =$B$14+$B$13*SUMPRODUCT($P$6:$P$27,EXP(0-((H37-$O$6:$O$27)/1.2)^2)) -> 0.033710025 | J37: =($B$15*(2*hP*cL^2/(H37*0.000000001)^5/(EXP(hP*cL/(H37*0.000000001*kB*$B$11))-1))*EXP(-I37)+(2*hP*cL^2/(H37*0.000000001)^5/(EXP(hP*cL/(H37*0.000000001*kB*$B$12))-1))*(1-EXP(-I37)))/1000000000000 -> 43.341078 | K37: =$B$15*(2*hP*cL^2/(H37*0.000000001)^5/(EXP(hP*cL/(H37*0.000000001*kB*$B$11))-1))/1000000000000 -> 44.710644 | L37: =(2*hP*cL^2/(H37*0.000000001)^5/(EXP(hP*cL/(H37*0.000000001*kB*$B$12))-1))/1000000000000 -> 3.3941612
E38: =6*12/30 -> 2.4 | F38: =$B$6*EXP(-E38)+(1-EXP(-E38)) -> 1.1088615 | G38: =1 -> 1 | H38: 384 | I38: =$B$14+$B$13*SUMPRODUCT($P$6:$P$27,EXP(0-((H38-$O$6:$O$27)/1.2)^2)) -> 0.088039127 | J38: =($B$15*(2*hP*cL^2/(H38*0.000000001)^5/(EXP(hP*cL/(H38*0.000000001*kB*$B$11))-1))*EXP(-I38)+(2*hP*cL^2/(H38*0.000000001)^5/(EXP(hP*cL/(H38*0.000000001*kB*$B$12))-1))*(1-EXP(-I38)))/1000000000000 -> 41.404571 | K38: =$B$15*(2*hP*cL^2/(H38*0.000000001)^5/(EXP(hP*cL/(H38*0.000000001*kB*$B$11))-1))/1000000000000 -> 44.897189 | L38: =(2*hP*cL^2/(H38*0.000000001)^5/(EXP(hP*cL/(H38*0.000000001*kB*$B$12))-1))/1000000000000 -> 3.4540595
E39: =6*13/30 -> 2.6 | F39: =$B$6*EXP(-E39)+(1-EXP(-E39)) -> 1.0891283 | G39: =1 -> 1 | H39: 386 | I39: =$B$14+$B$13*SUMPRODUCT($P$6:$P$27,EXP(0-((H39-$O$6:$O$27)/1.2)^2)) -> 0.021788949 | J39: =($B$15*(2*hP*cL^2/(H39*0.000000001)^5/(EXP(hP*cL/(H39*0.000000001*kB*$B$11))-1))*EXP(-I39)+(2*hP*cL^2/(H39*0.000000001)^5/(EXP(hP*cL/(H39*0.000000001*kB*$B$12))-1))*(1-EXP(-I39)))/1000000000000 -> 44.180798 | K39: =$B$15*(2*hP*cL^2/(H39*0.000000001)^5/(EXP(hP*cL/(H39*0.000000001*kB*$B$11))-1))/1000000000000 -> 45.076611 | L39: =(2*hP*cL^2/(H39*0.000000001)^5/(EXP(hP*cL/(H39*0.000000001*kB*$B$12))-1))/1000000000000 -> 3.5139052
E40: =6*14/30 -> 2.8 | F40: =$B$6*EXP(-E40)+(1-EXP(-E40)) -> 1.0729721 | G40: =1 -> 1 | H40: 388 | I40: =$B$14+$B$13*SUMPRODUCT($P$6:$P$27,EXP(0-((H40-$O$6:$O$27)/1.2)^2)) -> 0.07135001 | J40: =($B$15*(2*hP*cL^2/(H40*0.000000001)^5/(EXP(hP*cL/(H40*0.000000001*kB*$B$11))-1))*EXP(-I40)+(2*hP*cL^2/(H40*0.000000001)^5/(EXP(hP*cL/(H40*0.000000001*kB*$B$12))-1))*(1-EXP(-I40)))/1000000000000 -> 42.379046 | K40: =$B$15*(2*hP*cL^2/(H40*0.000000001)^5/(EXP(hP*cL/(H40*0.000000001*kB*$B$11))-1))/1000000000000 -> 45.248977 | L40: =(2*hP*cL^2/(H40*0.000000001)^5/(EXP(hP*cL/(H40*0.000000001*kB*$B$12))-1))/1000000000000 -> 3.5736792
E41: =6*15/30 -> 3 | F41: =$B$6*EXP(-E41)+(1-EXP(-E41)) -> 1.0597445 | G41: =1 -> 1 | H41: 390 | I41: =$B$14+$B$13*SUMPRODUCT($P$6:$P$27,EXP(0-((H41-$O$6:$O$27)/1.2)^2)) -> 0.073982628 | J41: =($B$15*(2*hP*cL^2/(H41*0.000000001)^5/(EXP(hP*cL/(H41*0.000000001*kB*$B$11))-1))*EXP(-I41)+(2*hP*cL^2/(H41*0.000000001)^5/(EXP(hP*cL/(H41*0.000000001*kB*$B$12))-1))*(1-EXP(-I41)))/1000000000000 -> 42.434858 | K41: =$B$15*(2*hP*cL^2/(H41*0.000000001)^5/(EXP(hP*cL/(H41*0.000000001*kB*$B$11))-1))/1000000000000 -> 45.414351 | L41: =(2*hP*cL^2/(H41*0.000000001)^5/(EXP(hP*cL/(H41*0.000000001*kB*$B$12))-1))/1000000000000 -> 3.6333628
E42: =6*16/30 -> 3.2 | F42: =$B$6*EXP(-E42)+(1-EXP(-E42)) -> 1.0489146 | G42: =1 -> 1 | H42: 392 | I42: =$B$14+$B$13*SUMPRODUCT($P$6:$P$27,EXP(0-((H42-$O$6:$O$27)/1.2)^2)) -> 0.020219394 | J42: =($B$15*(2*hP*cL^2/(H42*0.000000001)^5/(EXP(hP*cL/(H42*0.000000001*kB*$B$11))-1))*EXP(-I42)+(2*hP*cL^2/(H42*0.000000001)^5/(EXP(hP*cL/(H42*0.000000001*kB*$B$12))-1))*(1-EXP(-I42)))/1000000000000 -> 44.734521 | K42: =$B$15*(2*hP*cL^2/(H42*0.000000001)^5/(EXP(hP*cL/(H42*0.000000001*kB*$B$11))-1))/1000000000000 -> 45.572804 | L42: =(2*hP*cL^2/(H42*0.000000001)^5/(EXP(hP*cL/(H42*0.000000001*kB*$B$12))-1))/1000000000000 -> 3.6929375
E43: =6*17/30 -> 3.4 | F43: =$B$6*EXP(-E43)+(1-EXP(-E43)) -> 1.0400479 | G43: =1 -> 1 | H43: 394 | I43: =$B$14+$B$13*SUMPRODUCT($P$6:$P$27,EXP(0-((H43-$O$6:$O$27)/1.2)^2)) -> 0.020180937 | J43: =($B$15*(2*hP*cL^2/(H43*0.000000001)^5/(EXP(hP*cL/(H43*0.000000001*kB*$B$11))-1))*EXP(-I43)+(2*hP*cL^2/(H43*0.000000001)^5/(EXP(hP*cL/(H43*0.000000001*kB*$B$12))-1))*(1-EXP(-I43)))/1000000000000 -> 44.88586 | K43: =$B$15*(2*hP*cL^2/(H43*0.000000001)^5/(EXP(hP*cL/(H43*0.000000001*kB*$B$11))-1))/1000000000000 -> 45.724405 | L43: =(2*hP*cL^2/(H43*0.000000001)^5/(EXP(hP*cL/(H43*0.000000001*kB*$B$12))-1))/1000000000000 -> 3.7523852
E44: =6*18/30 -> 3.6 | F44: =$B$6*EXP(-E44)+(1-EXP(-E44)) -> 1.0327885 | G44: =1 -> 1 | H44: 396 | I44: =$B$14+$B$13*SUMPRODUCT($P$6:$P$27,EXP(0-((H44-$O$6:$O$27)/1.2)^2)) -> 0.08568164 | J44: =($B$15*(2*hP*cL^2/(H44*0.000000001)^5/(EXP(hP*cL/(H44*0.000000001*kB*$B$11))-1))*EXP(-I44)+(2*hP*cL^2/(H44*0.000000001)^5/(EXP(hP*cL/(H44*0.000000001*kB*$B$12))-1))*(1-EXP(-I44)))/1000000000000 -> 42.415731 | K44: =$B$15*(2*hP*cL^2/(H44*0.000000001)^5/(EXP(hP*cL/(H44*0.000000001*kB*$B$11))-1))/1000000000000 -> 45.869227 | L44: =(2*hP*cL^2/(H44*0.000000001)^5/(EXP(hP*cL/(H44*0.000000001*kB*$B$12))-1))/1000000000000 -> 3.8116882
E45: =6*19/30 -> 3.8 | F45: =$B$6*EXP(-E45)+(1-EXP(-E45)) -> 1.0268449 | G45: =1 -> 1 | H45: 398 | I45: =$B$14+$B$13*SUMPRODUCT($P$6:$P$27,EXP(0-((H45-$O$6:$O$27)/1.2)^2)) -> 0.11217679 | J45: =($B$15*(2*hP*cL^2/(H45*0.000000001)^5/(EXP(hP*cL/(H45*0.000000001*kB*$B$11))-1))*EXP(-I45)+(2*hP*cL^2/(H45*0.000000001)^5/(EXP(hP*cL/(H45*0.000000001*kB*$B$12))-1))*(1-EXP(-I45)))/1000000000000 -> 41.536079 | K45: =$B$15*(2*hP*cL^2/(H45*0.000000001)^5/(EXP(hP*cL/(H45*0.000000001*kB*$B$11))-1))/1000000000000 -> 46.007344 | L45: =(2*hP*cL^2/(H45*0.000000001)^5/(EXP(hP*cL/(H45*0.000000001*kB*$B$12))-1))/1000000000000 -> 3.870829
E46: =6*20/30 -> 4 | F46: =$B$6*EXP(-E46)+(1-EXP(-E46)) -> 1.0219788 | G46: =1 -> 1 | H46: 400 | I46: =$B$14+$B$13*SUMPRODUCT($P$6:$P$27,EXP(0-((H46-$O$6:$O$27)/1.2)^2)) -> 0.020500094 | J46: =($B$15*(2*hP*cL^2/(H46*0.000000001)^5/(EXP(hP*cL/(H46*0.000000001*kB*$B$11))-1))*EXP(-I46)+(2*hP*cL^2/(H46*0.000000001)^5/(EXP(hP*cL/(H46*0.000000001*kB*$B$12))-1))*(1-EXP(-I46)))/1000000000000 -> 45.282352 | K46: =$B$15*(2*hP*cL^2/(H46*0.000000001)^5/(EXP(hP*cL/(H46*0.000000001*kB*$B$11))-1))/1000000000000 -> 46.138832 | L46: =(2*hP*cL^2/(H46*0.000000001)^5/(EXP(hP*cL/(H46*0.000000001*kB*$B$12))-1))/1000000000000 -> 3.9297906
E47: =6*21/30 -> 4.2 | F47: =$B$6*EXP(-E47)+(1-EXP(-E47)) -> 1.0179947 | G47: =1 -> 1 | H47: 402 | I47: =$B$14+$B$13*SUMPRODUCT($P$6:$P$27,EXP(0-((H47-$O$6:$O$27)/1.2)^2)) -> 0.02000001 | J47: =($B$15*(2*hP*cL^2/(H47*0.000000001)^5/(EXP(hP*cL/(H47*0.000000001*kB*$B$11))-1))*EXP(-I47)+(2*hP*cL^2/(H47*0.000000001)^5/(EXP(hP*cL/(H47*0.000000001*kB*$B$12))-1))*(1-EXP(-I47)))/1000000000000 -> 45.426662 | K47: =$B$15*(2*hP*cL^2/(H47*0.000000001)^5/(EXP(hP*cL/(H47*0.000000001*kB*$B$11))-1))/1000000000000 -> 46.263767 | L47: =(2*hP*cL^2/(H47*0.000000001)^5/(EXP(hP*cL/(H47*0.000000001*kB*$B$12))-1))/1000000000000 -> 3.9885563
E48: =6*22/30 -> 4.4 | F48: =$B$6*EXP(-E48)+(1-EXP(-E48)) -> 1.0147328 | G48: =1 -> 1 | H48: 404 | I48: =$B$14+$B$13*SUMPRODUCT($P$6:$P$27,EXP(0-((H48-$O$6:$O$27)/1.2)^2)) -> 0.02 | J48: =($B$15*(2*hP*cL^2/(H48*0.000000001)^5/(EXP(hP*cL/(H48*0.000000001*kB*$B$11))-1))*EXP(-I48)+(2*hP*cL^2/(H48*0.000000001)^5/(EXP(hP*cL/(H48*0.000000001*kB*$B$12))-1))*(1-EXP(-I48)))/1000000000000 -> 45.543937 | K48: =$B$15*(2*hP*cL^2/(H48*0.000000001)^5/(EXP(hP*cL/(H48*0.000000001*kB*$B$11))-1))/1000000000000 -> 46.382229 | L48: =(2*hP*cL^2/(H48*0.000000001)^5/(EXP(hP*cL/(H48*0.000000001*kB*$B$12))-1))/1000000000000 -> 4.0471097
E49: =6*23/30 -> 4.6 | F49: =$B$6*EXP(-E49)+(1-EXP(-E49)) -> 1.0120622 | G49: =1 -> 1 | H49: 406 | I49: =$B$14+$B$13*SUMPRODUCT($P$6:$P$27,EXP(0-((H49-$O$6:$O$27)/1.2)^2)) -> 0.020000695 | J49: =($B$15*(2*hP*cL^2/(H49*0.000000001)^5/(EXP(hP*cL/(H49*0.000000001*kB*$B$11))-1))*EXP(-I49)+(2*hP*cL^2/(H49*0.000000001)^5/(EXP(hP*cL/(H49*0.000000001*kB*$B$12))-1))*(1-EXP(-I49)))/1000000000000 -> 45.654911 | K49: =$B$15*(2*hP*cL^2/(H49*0.000000001)^5/(EXP(hP*cL/(H49*0.000000001*kB*$B$11))-1))/1000000000000 -> 46.494296 | L49: =(2*hP*cL^2/(H49*0.000000001)^5/(EXP(hP*cL/(H49*0.000000001*kB*$B$12))-1))/1000000000000 -> 4.1054347
E50: =6*24/30 -> 4.8 | F50: =$B$6*EXP(-E50)+(1-EXP(-E50)) -> 1.0098757 | G50: =1 -> 1 | H50: 408 | I50: =$B$14+$B$13*SUMPRODUCT($P$6:$P$27,EXP(0-((H50-$O$6:$O$27)/1.2)^2)) -> 0.02651014 | J50: =($B$15*(2*hP*cL^2/(H50*0.000000001)^5/(EXP(hP*cL/(H50*0.000000001*kB*$B$11))-1))*EXP(-I50)+(2*hP*cL^2/(H50*0.000000001)^5/(EXP(hP*cL/(H50*0.000000001*kB*$B$12))-1))*(1-EXP(-I50)))/1000000000000 -> 45.489831 | K50: =$B$15*(2*hP*cL^2/(H50*0.000000001)^5/(EXP(hP*cL/(H50*0.000000001*kB*$B$11))-1))/1000000000000 -> 46.600049 | L50: =(2*hP*cL^2/(H50*0.000000001)^5/(EXP(hP*cL/(H50*0.000000001*kB*$B$12))-1))/1000000000000 -> 4.1635157
E51: =6*25/30 -> 5 | F51: =$B$6*EXP(-E51)+(1-EXP(-E51)) -> 1.0080855 | G51: =1 -> 1 | H51: 410 | I51: =$B$14+$B$13*SUMPRODUCT($P$6:$P$27,EXP(0-((H51-$O$6:$O$27)/1.2)^2)) -> 0.25562694 | J51: =($B$15*(2*hP*cL^2/(H51*0.000000001)^5/(EXP(hP*cL/(H51*0.000000001*kB*$B$11))-1))*EXP(-I51)+(2*hP*cL^2/(H51*0.000000001)^5/(EXP(hP*cL/(H51*0.000000001*kB*$B$12))-1))*(1-EXP(-I51)))/1000000000000 -> 37.117789 | K51: =$B$15*(2*hP*cL^2/(H51*0.000000001)^5/(EXP(hP*cL/(H51*0.000000001*kB*$B$11))-1))/1000000000000 -> 46.699569 | L51: =(2*hP*cL^2/(H51*0.000000001)^5/(EXP(hP*cL/(H51*0.000000001*kB*$B$12))-1))/1000000000000 -> 4.2213375
E52: =6*26/30 -> 5.2 | F52: =$B$6*EXP(-E52)+(1-EXP(-E52)) -> 1.0066199 | G52: =1 -> 1 | H52: 412 | I52: =$B$14+$B$13*SUMPRODUCT($P$6:$P$27,EXP(0-((H52-$O$6:$O$27)/1.2)^2)) -> 0.052969508 | J52: =($B$15*(2*hP*cL^2/(H52*0.000000001)^5/(EXP(hP*cL/(H52*0.000000001*kB*$B$11))-1))*EXP(-I52)+(2*hP*cL^2/(H52*0.000000001)^5/(EXP(hP*cL/(H52*0.000000001*kB*$B$12))-1))*(1-EXP(-I52)))/1000000000000 -> 44.599594 | K52: =$B$15*(2*hP*cL^2/(H52*0.000000001)^5/(EXP(hP*cL/(H52*0.000000001*kB*$B$11))-1))/1000000000000 -> 46.79294 | L52: =(2*hP*cL^2/(H52*0.000000001)^5/(EXP(hP*cL/(H52*0.000000001*kB*$B$12))-1))/1000000000000 -> 4.2788852
E53: =6*27/30 -> 5.4 | F53: =$B$6*EXP(-E53)+(1-EXP(-E53)) -> 1.0054199 | G53: =1 -> 1 | H53: 414 | I53: =$B$14+$B$13*SUMPRODUCT($P$6:$P$27,EXP(0-((H53-$O$6:$O$27)/1.2)^2)) -> 0.020017834 | J53: =($B$15*(2*hP*cL^2/(H53*0.000000001)^5/(EXP(hP*cL/(H53*0.000000001*kB*$B$11))-1))*EXP(-I53)+(2*hP*cL^2/(H53*0.000000001)^5/(EXP(hP*cL/(H53*0.000000001*kB*$B$12))-1))*(1-EXP(-I53)))/1000000000000 -> 46.03707 | K53: =$B$15*(2*hP*cL^2/(H53*0.000000001)^5/(EXP(hP*cL/(H53*0.000000001*kB*$B$11))-1))/1000000000000 -> 46.880243 | L53: =(2*hP*cL^2/(H53*0.000000001)^5/(EXP(hP*cL/(H53*0.000000001*kB*$B$12))-1))/1000000000000 -> 4.3361441
E54: =6*28/30 -> 5.6 | F54: =$B$6*EXP(-E54)+(1-EXP(-E54)) -> 1.0044374 | G54: =1 -> 1 | H54: 416 | I54: =$B$14+$B$13*SUMPRODUCT($P$6:$P$27,EXP(0-((H54-$O$6:$O$27)/1.2)^2)) -> 0.02 | J54: =($B$15*(2*hP*cL^2/(H54*0.000000001)^5/(EXP(hP*cL/(H54*0.000000001*kB*$B$11))-1))*EXP(-I54)+(2*hP*cL^2/(H54*0.000000001)^5/(EXP(hP*cL/(H54*0.000000001*kB*$B$12))-1))*(1-EXP(-I54)))/1000000000000 -> 46.118652 | K54: =$B$15*(2*hP*cL^2/(H54*0.000000001)^5/(EXP(hP*cL/(H54*0.000000001*kB*$B$11))-1))/1000000000000 -> 46.961564 | L54: =(2*hP*cL^2/(H54*0.000000001)^5/(EXP(hP*cL/(H54*0.000000001*kB*$B$12))-1))/1000000000000 -> 4.3931001
E55: =6*29/30 -> 5.8 | F55: =$B$6*EXP(-E55)+(1-EXP(-E55)) -> 1.0036331 | G55: =1 -> 1 | H55: 418 | I55: =$B$14+$B$13*SUMPRODUCT($P$6:$P$27,EXP(0-((H55-$O$6:$O$27)/1.2)^2)) -> 0.02 | J55: =($B$15*(2*hP*cL^2/(H55*0.000000001)^5/(EXP(hP*cL/(H55*0.000000001*kB*$B$11))-1))*EXP(-I55)+(2*hP*cL^2/(H55*0.000000001)^5/(EXP(hP*cL/(H55*0.000000001*kB*$B$12))-1))*(1-EXP(-I55)))/1000000000000 -> 46.193703 | K55: =$B$15*(2*hP*cL^2/(H55*0.000000001)^5/(EXP(hP*cL/(H55*0.000000001*kB*$B$11))-1))/1000000000000 -> 47.036987 | L55: =(2*hP*cL^2/(H55*0.000000001)^5/(EXP(hP*cL/(H55*0.000000001*kB*$B$12))-1))/1000000000000 -> 4.4497394
E56: =6*30/30 -> 6 | F56: =$B$6*EXP(-E56)+(1-EXP(-E56)) -> 1.0029745 | G56: =1 -> 1 | H56: 420 | I56: =$B$14+$B$13*SUMPRODUCT($P$6:$P$27,EXP(0-((H56-$O$6:$O$27)/1.2)^2)) -> 0.02 | J56: =($B$15*(2*hP*cL^2/(H56*0.000000001)^5/(EXP(hP*cL/(H56*0.000000001*kB*$B$11))-1))*EXP(-I56)+(2*hP*cL^2/(H56*0.000000001)^5/(EXP(hP*cL/(H56*0.000000001*kB*$B$12))-1))*(1-EXP(-I56)))/1000000000000 -> 46.263049 | K56: =$B$15*(2*hP*cL^2/(H56*0.000000001)^5/(EXP(hP*cL/(H56*0.000000001*kB*$B$11))-1))/1000000000000 -> 47.106596 | L56: =(2*hP*cL^2/(H56*0.000000001)^5/(EXP(hP*cL/(H56*0.000000001*kB*$B$12))-1))/1000000000000 -> 4.5060487
H57: 422 | I57: =$B$14+$B$13*SUMPRODUCT($P$6:$P$27,EXP(0-((H57-$O$6:$O$27)/1.2)^2)) -> 0.02 | J57: =($B$15*(2*hP*cL^2/(H57*0.000000001)^5/(EXP(hP*cL/(H57*0.000000001*kB*$B$11))-1))*EXP(-I57)+(2*hP*cL^2/(H57*0.000000001)^5/(EXP(hP*cL/(H57*0.000000001*kB*$B$12))-1))*(1-EXP(-I57)))/1000000000000 -> 46.326774 | K57: =$B$15*(2*hP*cL^2/(H57*0.000000001)^5/(EXP(hP*cL/(H57*0.000000001*kB*$B$11))-1))/1000000000000 -> 47.170478 | L57: =(2*hP*cL^2/(H57*0.000000001)^5/(EXP(hP*cL/(H57*0.000000001*kB*$B$12))-1))/1000000000000 -> 4.5620147
H58: 424 | I58: =$B$14+$B$13*SUMPRODUCT($P$6:$P$27,EXP(0-((H58-$O$6:$O$27)/1.2)^2)) -> 0.02 | J58: =($B$15*(2*hP*cL^2/(H58*0.000000001)^5/(EXP(hP*cL/(H58*0.000000001*kB*$B$11))-1))*EXP(-I58)+(2*hP*cL^2/(H58*0.000000001)^5/(EXP(hP*cL/(H58*0.000000001*kB*$B$12))-1))*(1-EXP(-I58)))/1000000000000 -> 46.384962 | K58: =$B$15*(2*hP*cL^2/(H58*0.000000001)^5/(EXP(hP*cL/(H58*0.000000001*kB*$B$11))-1))/1000000000000 -> 47.228718 | L58: =(2*hP*cL^2/(H58*0.000000001)^5/(EXP(hP*cL/(H58*0.000000001*kB*$B$12))-1))/1000000000000 -> 4.617625
H59: 426 | I59: =$B$14+$B$13*SUMPRODUCT($P$6:$P$27,EXP(0-((H59-$O$6:$O$27)/1.2)^2)) -> 0.02 | J59: =($B$15*(2*hP*cL^2/(H59*0.000000001)^5/(EXP(hP*cL/(H59*0.000000001*kB*$B$11))-1))*EXP(-I59)+(2*hP*cL^2/(H59*0.000000001)^5/(EXP(hP*cL/(H59*0.000000001*kB*$B$12))-1))*(1-EXP(-I59)))/1000000000000 -> 46.437697 | K59: =$B$15*(2*hP*cL^2/(H59*0.000000001)^5/(EXP(hP*cL/(H59*0.000000001*kB*$B$11))-1))/1000000000000 -> 47.281402 | L59: =(2*hP*cL^2/(H59*0.000000001)^5/(EXP(hP*cL/(H59*0.000000001*kB*$B$12))-1))/1000000000000 -> 4.672867
H60: 428 | I60: =$B$14+$B$13*SUMPRODUCT($P$6:$P$27,EXP(0-((H60-$O$6:$O$27)/1.2)^2)) -> 0.02 | J60: =($B$15*(2*hP*cL^2/(H60*0.000000001)^5/(EXP(hP*cL/(H60*0.000000001*kB*$B$11))-1))*EXP(-I60)+(2*hP*cL^2/(H60*0.000000001)^5/(EXP(hP*cL/(H60*0.000000001*kB*$B$12))-1))*(1-EXP(-I60)))/1000000000000 -> 46.485063 | K60: =$B$15*(2*hP*cL^2/(H60*0.000000001)^5/(EXP(hP*cL/(H60*0.000000001*kB*$B$11))-1))/1000000000000 -> 47.328617 | L60: =(2*hP*cL^2/(H60*0.000000001)^5/(EXP(hP*cL/(H60*0.000000001*kB*$B$12))-1))/1000000000000 -> 4.7277291
H61: 430 | I61: =$B$14+$B$13*SUMPRODUCT($P$6:$P$27,EXP(0-((H61-$O$6:$O$27)/1.2)^2)) -> 0.020002447 | J61: =($B$15*(2*hP*cL^2/(H61*0.000000001)^5/(EXP(hP*cL/(H61*0.000000001*kB*$B$11))-1))*EXP(-I61)+(2*hP*cL^2/(H61*0.000000001)^5/(EXP(hP*cL/(H61*0.000000001*kB*$B$12))-1))*(1-EXP(-I61)))/1000000000000 -> 46.527043 | K61: =$B$15*(2*hP*cL^2/(H61*0.000000001)^5/(EXP(hP*cL/(H61*0.000000001*kB*$B$11))-1))/1000000000000 -> 47.370449 | L61: =(2*hP*cL^2/(H61*0.000000001)^5/(EXP(hP*cL/(H61*0.000000001*kB*$B$12))-1))/1000000000000 -> 4.7821994
H62: 432 | I62: =$B$14+$B$13*SUMPRODUCT($P$6:$P$27,EXP(0-((H62-$O$6:$O$27)/1.2)^2)) -> 0.036368219 | J62: =($B$15*(2*hP*cL^2/(H62*0.000000001)^5/(EXP(hP*cL/(H62*0.000000001*kB*$B$11))-1))*EXP(-I62)+(2*hP*cL^2/(H62*0.000000001)^5/(EXP(hP*cL/(H62*0.000000001*kB*$B$12))-1))*(1-EXP(-I62)))/1000000000000 -> 45.886579 | K62: =$B$15*(2*hP*cL^2/(H62*0.000000001)^5/(EXP(hP*cL/(H62*0.000000001*kB*$B$11))-1))/1000000000000 -> 47.406985 | L62: =(2*hP*cL^2/(H62*0.000000001)^5/(EXP(hP*cL/(H62*0.000000001*kB*$B$12))-1))/1000000000000 -> 4.836267
H63: 434 | I63: =$B$14+$B$13*SUMPRODUCT($P$6:$P$27,EXP(0-((H63-$O$6:$O$27)/1.2)^2)) -> 0.44331617 | J63: =($B$15*(2*hP*cL^2/(H63*0.000000001)^5/(EXP(hP*cL/(H63*0.000000001*kB*$B$11))-1))*EXP(-I63)+(2*hP*cL^2/(H63*0.000000001)^5/(EXP(hP*cL/(H63*0.000000001*kB*$B$12))-1))*(1-EXP(-I63)))/1000000000000 -> 32.201913 | K63: =$B$15*(2*hP*cL^2/(H63*0.000000001)^5/(EXP(hP*cL/(H63*0.000000001*kB*$B$11))-1))/1000000000000 -> 47.438312 | L63: =(2*hP*cL^2/(H63*0.000000001)^5/(EXP(hP*cL/(H63*0.000000001*kB*$B$12))-1))/1000000000000 -> 4.8899209
H64: 436 | I64: =$B$14+$B$13*SUMPRODUCT($P$6:$P$27,EXP(0-((H64-$O$6:$O$27)/1.2)^2)) -> 0.062323461 | J64: =($B$15*(2*hP*cL^2/(H64*0.000000001)^5/(EXP(hP*cL/(H64*0.000000001*kB*$B$11))-1))*EXP(-I64)+(2*hP*cL^2/(H64*0.000000001)^5/(EXP(hP*cL/(H64*0.000000001*kB*$B$12))-1))*(1-EXP(-I64)))/1000000000000 -> 44.895328 | K64: =$B$15*(2*hP*cL^2/(H64*0.000000001)^5/(EXP(hP*cL/(H64*0.000000001*kB*$B$11))-1))/1000000000000 -> 47.464515 | L64: =(2*hP*cL^2/(H64*0.000000001)^5/(EXP(hP*cL/(H64*0.000000001*kB*$B$12))-1))/1000000000000 -> 4.9431508
H65: 438 | I65: =$B$14+$B$13*SUMPRODUCT($P$6:$P$27,EXP(0-((H65-$O$6:$O$27)/1.2)^2)) -> 0.020016359 | J65: =($B$15*(2*hP*cL^2/(H65*0.000000001)^5/(EXP(hP*cL/(H65*0.000000001*kB*$B$11))-1))*EXP(-I65)+(2*hP*cL^2/(H65*0.000000001)^5/(EXP(hP*cL/(H65*0.000000001*kB*$B$12))-1))*(1-EXP(-I65)))/1000000000000 -> 46.643648 | K65: =$B$15*(2*hP*cL^2/(H65*0.000000001)^5/(EXP(hP*cL/(H65*0.000000001*kB*$B$11))-1))/1000000000000 -> 47.485682 | L65: =(2*hP*cL^2/(H65*0.000000001)^5/(EXP(hP*cL/(H65*0.000000001*kB*$B$12))-1))/1000000000000 -> 4.9959464
H66: 440 | I66: =$B$14+$B$13*SUMPRODUCT($P$6:$P$27,EXP(0-((H66-$O$6:$O$27)/1.2)^2)) -> 0.02 | J66: =($B$15*(2*hP*cL^2/(H66*0.000000001)^5/(EXP(hP*cL/(H66*0.000000001*kB*$B$11))-1))*EXP(-I66)+(2*hP*cL^2/(H66*0.000000001)^5/(EXP(hP*cL/(H66*0.000000001*kB*$B$12))-1))*(1-EXP(-I66)))/1000000000000 -> 46.661261 | K66: =$B$15*(2*hP*cL^2/(H66*0.000000001)^5/(EXP(hP*cL/(H66*0.000000001*kB*$B$11))-1))/1000000000000 -> 47.501899 | L66: =(2*hP*cL^2/(H66*0.000000001)^5/(EXP(hP*cL/(H66*0.000000001*kB*$B$12))-1))/1000000000000 -> 5.0482982
H67: 442 | I67: =$B$14+$B$13*SUMPRODUCT($P$6:$P$27,EXP(0-((H67-$O$6:$O$27)/1.2)^2)) -> 0.02 | J67: =($B$15*(2*hP*cL^2/(H67*0.000000001)^5/(EXP(hP*cL/(H67*0.000000001*kB*$B$11))-1))*EXP(-I67)+(2*hP*cL^2/(H67*0.000000001)^5/(EXP(hP*cL/(H67*0.000000001*kB*$B$12))-1))*(1-EXP(-I67)))/1000000000000 -> 46.673417 | K67: =$B$15*(2*hP*cL^2/(H67*0.000000001)^5/(EXP(hP*cL/(H67*0.000000001*kB*$B$11))-1))/1000000000000 -> 47.513252 | L67: =(2*hP*cL^2/(H67*0.000000001)^5/(EXP(hP*cL/(H67*0.000000001*kB*$B$12))-1))/1000000000000 -> 5.1001967
H68: 444 | I68: =$B$14+$B$13*SUMPRODUCT($P$6:$P$27,EXP(0-((H68-$O$6:$O$27)/1.2)^2)) -> 0.02 | J68: =($B$15*(2*hP*cL^2/(H68*0.000000001)^5/(EXP(hP*cL/(H68*0.000000001*kB*$B$11))-1))*EXP(-I68)+(2*hP*cL^2/(H68*0.000000001)^5/(EXP(hP*cL/(H68*0.000000001*kB*$B$12))-1))*(1-EXP(-I68)))/1000000000000 -> 46.68088 | K68: =$B$15*(2*hP*cL^2/(H68*0.000000001)^5/(EXP(hP*cL/(H68*0.000000001*kB*$B$11))-1))/1000000000000 -> 47.519826 | L68: =(2*hP*cL^2/(H68*0.000000001)^5/(EXP(hP*cL/(H68*0.000000001*kB*$B$12))-1))/1000000000000 -> 5.1516328
... H346: 1000 | I346: =$B$14+$B$13*SUMPRODUCT($P$6:$P$27,EXP(0-((H346-$O$6:$O$27)/1.2)^2)) -> 0.020000001 | J346: =($B$15*(2*hP*cL^2/(H346*0.000000001)^5/(EXP(hP*cL/(H346*0.000000001*kB*$B$11))-1))*EXP(-I346)+(2*hP*cL^2/(H346*0.000000001)^5/(EXP(hP*cL/(H346*0.000000001*kB*$B$12))-1))*(1-EXP(-I346)))/1000000000000 -> 14.429188 | K346: =$B$15*(2*hP*cL^2/(H346*0.000000001)^5/(EXP(hP*cL/(H346*0.000000001*kB*$B$11))-1))/1000000000000 -> 14.618143 | L346: =(2*hP*cL^2/(H346*0.000000001)^5/(EXP(hP*cL/(H346*0.000000001*kB*$B$12))-1))/1000000000000 -> 5.0756244

Sheet SA1 Saha-Boltzmann
A1: Lecture SA1 - Why are Balmer lines strongest in A stars?
A2: In LTE, excitation follows Boltzmann and ionisation follows Saha. The n=2 population (Balmer absorbers) peaks near 10 000 K.
A3: Equation: N_II n_e / N_I = (2 U_II/U_I)(2 pi m_e k T/h^2)^1.5 exp(-13.6 eV/kT); N2/N1 = 4 exp(-10.2 eV/kT)
A5: Inputs
A6: Temperature T | B6: 9900 | C6: K
A7: Electron pressure P_e | B7: 20 | C7: Pa
A9: Results
A10: Electron density n_e = P_e/kT | B10: =$B$7/(kB*$B$6) -> 1.4632264e+20 | C10: m^-3
A11: kT | B11: =kB*$B$6/eV -> 0.85311599 | C11: eV
A12: N2/N1 (Boltzmann) | B12: =4*EXP(-10.199*eV/(kB*$B$6)) -> 2.570812e-05
A13: N_II/N_I (Saha) | B13: =(2*PI()*mE*kB*$B$6/hP^2)^1.5*EXP(-13.598*eV/(kB*$B$6))/$B$10 -> 1.9439625
A14: Ionised fraction | B14: =$B$13/(1+$B$13) -> 0.66032177
A15: N2 / N_total (Balmer absorbers) | B15: =$B$12/(1+$B$12)/(1+$B$13) -> 8.7322644e-06
A16: Temperature of the Balmer peak | B16: =INDEX(E18:E288,MATCH(MAX(G18:G288),G18:G288,0)) -> 9900 | C16: K
E17: T [K] | F17: ionised fraction | G17: N2/N_total x 1e5
E18: 3000 | F18: =(2*PI()*mE*kB*E18/hP^2)^1.5*EXP(-13.598*eV/(kB*E18))/($B$7/(kB*E18))/(1+(2*PI()*mE*kB*E18/hP^2)^1.5*EXP(-13.598*eV/(kB*E18))/($B$7/(kB*E18))) -> 1.1778283e-17 | G18: =100000*(4*EXP(-10.199*eV/(kB*E18)))/(1+4*EXP(-10.199*eV/(kB*E18)))/(1+(2*PI()*mE*kB*E18/hP^2)^1.5*EXP(-13.598*eV/(kB*E18))/($B$7/(kB*E18))) -> 2.9409937e-12
E19: 3100 | F19: =(2*PI()*mE*kB*E19/hP^2)^1.5*EXP(-13.598*eV/(kB*E19))/($B$7/(kB*E19))/(1+(2*PI()*mE*kB*E19/hP^2)^1.5*EXP(-13.598*eV/(kB*E19))/($B$7/(kB*E19))) -> 6.9754865e-17 | G19: =100000*(4*EXP(-10.199*eV/(kB*E19)))/(1+4*EXP(-10.199*eV/(kB*E19)))/(1+(2*PI()*mE*kB*E19/hP^2)^1.5*EXP(-13.598*eV/(kB*E19))/($B$7/(kB*E19))) -> 1.0500011e-11
E20: 3200 | F20: =(2*PI()*mE*kB*E20/hP^2)^1.5*EXP(-13.598*eV/(kB*E20))/($B$7/(kB*E20))/(1+(2*PI()*mE*kB*E20/hP^2)^1.5*EXP(-13.598*eV/(kB*E20))/($B$7/(kB*E20))) -> 3.7057911e-16 | G20: =100000*(4*EXP(-10.199*eV/(kB*E20)))/(1+4*EXP(-10.199*eV/(kB*E20)))/(1+(2*PI()*mE*kB*E20/hP^2)^1.5*EXP(-13.598*eV/(kB*E20))/($B$7/(kB*E20))) -> 3.4621187e-11
E21: 3300 | F21: =(2*PI()*mE*kB*E21/hP^2)^1.5*EXP(-13.598*eV/(kB*E21))/($B$7/(kB*E21))/(1+(2*PI()*mE*kB*E21/hP^2)^1.5*EXP(-13.598*eV/(kB*E21))/($B$7/(kB*E21))) -> 1.7834368e-15 | G21: =100000*(4*EXP(-10.199*eV/(kB*E21)))/(1+4*EXP(-10.199*eV/(kB*E21)))/(1+(2*PI()*mE*kB*E21/hP^2)^1.5*EXP(-13.598*eV/(kB*E21))/($B$7/(kB*E21))) -> 1.061918e-10
E22: 3400 | F22: =(2*PI()*mE*kB*E22/hP^2)^1.5*EXP(-13.598*eV/(kB*E22))/($B$7/(kB*E22))/(1+(2*PI()*mE*kB*E22/hP^2)^1.5*EXP(-13.598*eV/(kB*E22))/($B$7/(kB*E22))) -> 7.8426448e-15 | G22: =100000*(4*EXP(-10.199*eV/(kB*E22)))/(1+4*EXP(-10.199*eV/(kB*E22)))/(1+(2*PI()*mE*kB*E22/hP^2)^1.5*EXP(-13.598*eV/(kB*E22))/($B$7/(kB*E22))) -> 3.0493531e-10
E23: 3500 | F23: =(2*PI()*mE*kB*E23/hP^2)^1.5*EXP(-13.598*eV/(kB*E23))/($B$7/(kB*E23))/(1+(2*PI()*mE*kB*E23/hP^2)^1.5*EXP(-13.598*eV/(kB*E23))/($B$7/(kB*E23))) -> 3.1755965e-14 | G23: =100000*(4*EXP(-10.199*eV/(kB*E23)))/(1+4*EXP(-10.199*eV/(kB*E23)))/(1+(2*PI()*mE*kB*E23/hP^2)^1.5*EXP(-13.598*eV/(kB*E23))/($B$7/(kB*E23))) -> 8.244159e-10
E24: 3600 | F24: =(2*PI()*mE*kB*E24/hP^2)^1.5*EXP(-13.598*eV/(kB*E24))/($B$7/(kB*E24))/(1+(2*PI()*mE*kB*E24/hP^2)^1.5*EXP(-13.598*eV/(kB*E24))/($B$7/(kB*E24))) -> 1.1920858e-13 | G24: =100000*(4*EXP(-10.199*eV/(kB*E24)))/(1+4*EXP(-10.199*eV/(kB*E24)))/(1+(2*PI()*mE*kB*E24/hP^2)^1.5*EXP(-13.598*eV/(kB*E24))/($B$7/(kB*E24))) -> 2.1090574e-09
E25: 3700 | F25: =(2*PI()*mE*kB*E25/hP^2)^1.5*EXP(-13.598*eV/(kB*E25))/($B$7/(kB*E25))/(1+(2*PI()*mE*kB*E25/hP^2)^1.5*EXP(-13.598*eV/(kB*E25))/($B$7/(kB*E25))) -> 4.1739943e-13 | G25: =100000*(4*EXP(-10.199*eV/(kB*E25)))/(1+4*EXP(-10.199*eV/(kB*E25)))/(1+(2*PI()*mE*kB*E25/hP^2)^1.5*EXP(-13.598*eV/(kB*E25))/($B$7/(kB*E25))) -> 5.1283721e-09
E26: 3800 | F26: =(2*PI()*mE*kB*E26/hP^2)^1.5*EXP(-13.598*eV/(kB*E26))/($B$7/(kB*E26))/(1+(2*PI()*mE*kB*E26/hP^2)^1.5*EXP(-13.598*eV/(kB*E26))/($B$7/(kB*E26))) -> 1.370642e-12 | G26: =100000*(4*EXP(-10.199*eV/(kB*E26)))/(1+4*EXP(-10.199*eV/(kB*E26)))/(1+(2*PI()*mE*kB*E26/hP^2)^1.5*EXP(-13.598*eV/(kB*E26))/($B$7/(kB*E26))) -> 1.1900374e-08
E27: 3900 | F27: =(2*PI()*mE*kB*E27/hP^2)^1.5*EXP(-13.598*eV/(kB*E27))/($B$7/(kB*E27))/(1+(2*PI()*mE*kB*E27/hP^2)^1.5*EXP(-13.598*eV/(kB*E27))/($B$7/(kB*E27))) -> 4.2417819e-12 | G27: =100000*(4*EXP(-10.199*eV/(kB*E27)))/(1+4*EXP(-10.199*eV/(kB*E27)))/(1+(2*PI()*mE*kB*E27/hP^2)^1.5*EXP(-13.598*eV/(kB*E27))/($B$7/(kB*E27))) -> 2.6448065e-08
E28: 4000 | F28: =(2*PI()*mE*kB*E28/hP^2)^1.5*EXP(-13.598*eV/(kB*E28))/($B$7/(kB*E28))/(1+(2*PI()*mE*kB*E28/hP^2)^1.5*EXP(-13.598*eV/(kB*E28))/($B$7/(kB*E28))) -> 1.2426175e-11 | G28: =100000*(4*EXP(-10.199*eV/(kB*E28)))/(1+4*EXP(-10.199*eV/(kB*E28)))/(1+(2*PI()*mE*kB*E28/hP^2)^1.5*EXP(-13.598*eV/(kB*E28))/($B$7/(kB*E28))) -> 5.6478813e-08
E29: 4100 | F29: =(2*PI()*mE*kB*E29/hP^2)^1.5*EXP(-13.598*eV/(kB*E29))/($B$7/(kB*E29))/(1+(2*PI()*mE*kB*E29/hP^2)^1.5*EXP(-13.598*eV/(kB*E29))/($B$7/(kB*E29))) -> 3.459541e-11 | G29: =100000*(4*EXP(-10.199*eV/(kB*E29)))/(1+4*EXP(-10.199*eV/(kB*E29)))/(1+(2*PI()*mE*kB*E29/hP^2)^1.5*EXP(-13.598*eV/(kB*E29))/($B$7/(kB*E29))) -> 1.1622631e-07
... E288: 30000 | F288: =(2*PI()*mE*kB*E288/hP^2)^1.5*EXP(-13.598*eV/(kB*E288))/($B$7/(kB*E288))/(1+(2*PI()*mE*kB*E288/hP^2)^1.5*EXP(-13.598*eV/(kB*E288))/($B$7/(kB*E288))) -> 0.99999926 | G288: =100000*(4*EXP(-10.199*eV/(kB*E288)))/(1+4*EXP(-10.199*eV/(kB*E288)))/(1+(2*PI()*mE*kB*E288/hP^2)^1.5*EXP(-13.598*eV/(kB*E288))/($B$7/(kB*E288))) -> 0.005320785

Sheet RT4 Eddington-Barbier
A1: Lecture RT4 - What depth do we see at each point of the stellar disk?
A2: The emergent intensity is S averaged with weight exp(-tau/mu)/mu. Eddington-Barbier: I(0,mu) ~ S(tau = mu), exact for linear S.
A3: Equation: S(tau) = a + b tau + c tau^2 -> I(0,mu) = a + b mu + 2 c mu^2; F = pi (a + 2b/3 + c) ~ pi S(2/3)
A5: Inputs
A6: a (surface value of S) | B6: 0.4
A7: b (gradient) | B7: 0.6
A8: c (curvature) | B8: 0
A9: mu = cos(theta) (1 = centre, 0 = limb) | B9: 0.5
A11: Results
A12: Exact I(0,mu) = a + b mu + 2 c mu^2 | B12: =$B$6+$B$7*$B$9+2*$B$8*$B$9^2 -> 0.7
A13: Eddington-Barbier S(tau = mu) | B13: =$B$6+$B$7*$B$9+$B$8*$B$9^2 -> 0.7
A14: Error of Eddington-Barbier | B14: =IF($B$12=0,0,($B$13-$B$12)/$B$12) -> 0
A15: Flux pi (a + 2b/3 + c) | B15: =PI()*($B$6+2*$B$7/3+$B$8) -> 2.5132741
A16: pi S(2/3) | B16: =PI()*($B$6+2*$B$7/3+$B$8*4/9) -> 2.5132741
A17: Limb/centre ratio I(0)/I(1) | B17: =$B$6/($B$6+$B$7+2*$B$8) -> 0.4
E19: mu | F19: I(mu)/I(1) | H19: tau | I19: S(tau) | J19: weight exp(-tau/mu)/mu
E20: =0/20 -> 0 | F20: =($B$6+$B$7*E20+2*$B$8*E20^2)/($B$6+$B$7+2*$B$8) -> 0.4 | H20: =3*0/40 -> 0 | I20: =$B$6+$B$7*H20+$B$8*H20^2 -> 0.4 | J20: =EXP(-H20/$B$9)/$B$9 -> 2
E21: =1/20 -> 0.05 | F21: =($B$6+$B$7*E21+2*$B$8*E21^2)/($B$6+$B$7+2*$B$8) -> 0.43 | H21: =3*1/40 -> 0.075 | I21: =$B$6+$B$7*H21+$B$8*H21^2 -> 0.445 | J21: =EXP(-H21/$B$9)/$B$9 -> 1.721416
E22: =2/20 -> 0.1 | F22: =($B$6+$B$7*E22+2*$B$8*E22^2)/($B$6+$B$7+2*$B$8) -> 0.46 | H22: =3*2/40 -> 0.15 | I22: =$B$6+$B$7*H22+$B$8*H22^2 -> 0.49 | J22: =EXP(-H22/$B$9)/$B$9 -> 1.4816364
E23: =3/20 -> 0.15 | F23: =($B$6+$B$7*E23+2*$B$8*E23^2)/($B$6+$B$7+2*$B$8) -> 0.49 | H23: =3*3/40 -> 0.225 | I23: =$B$6+$B$7*H23+$B$8*H23^2 -> 0.535 | J23: =EXP(-H23/$B$9)/$B$9 -> 1.2752563
E24: =4/20 -> 0.2 | F24: =($B$6+$B$7*E24+2*$B$8*E24^2)/($B$6+$B$7+2*$B$8) -> 0.52 | H24: =3*4/40 -> 0.3 | I24: =$B$6+$B$7*H24+$B$8*H24^2 -> 0.58 | J24: =EXP(-H24/$B$9)/$B$9 -> 1.0976233
E25: =5/20 -> 0.25 | F25: =($B$6+$B$7*E25+2*$B$8*E25^2)/($B$6+$B$7+2*$B$8) -> 0.55 | H25: =3*5/40 -> 0.375 | I25: =$B$6+$B$7*H25+$B$8*H25^2 -> 0.625 | J25: =EXP(-H25/$B$9)/$B$9 -> 0.94473311
E26: =6/20 -> 0.3 | F26: =($B$6+$B$7*E26+2*$B$8*E26^2)/($B$6+$B$7+2*$B$8) -> 0.58 | H26: =3*6/40 -> 0.45 | I26: =$B$6+$B$7*H26+$B$8*H26^2 -> 0.67 | J26: =EXP(-H26/$B$9)/$B$9 -> 0.81313932
E27: =7/20 -> 0.35 | F27: =($B$6+$B$7*E27+2*$B$8*E27^2)/($B$6+$B$7+2*$B$8) -> 0.61 | H27: =3*7/40 -> 0.525 | I27: =$B$6+$B$7*H27+$B$8*H27^2 -> 0.715 | J27: =EXP(-H27/$B$9)/$B$9 -> 0.6998755
E28: =8/20 -> 0.4 | F28: =($B$6+$B$7*E28+2*$B$8*E28^2)/($B$6+$B$7+2*$B$8) -> 0.64 | H28: =3*8/40 -> 0.6 | I28: =$B$6+$B$7*H28+$B$8*H28^2 -> 0.76 | J28: =EXP(-H28/$B$9)/$B$9 -> 0.60238842
E29: =9/20 -> 0.45 | F29: =($B$6+$B$7*E29+2*$B$8*E29^2)/($B$6+$B$7+2*$B$8) -> 0.67 | H29: =3*9/40 -> 0.675 | I29: =$B$6+$B$7*H29+$B$8*H29^2 -> 0.805 | J29: =EXP(-H29/$B$9)/$B$9 -> 0.51848052
E30: =10/20 -> 0.5 | F30: =($B$6+$B$7*E30+2*$B$8*E30^2)/($B$6+$B$7+2*$B$8) -> 0.7 | H30: =3*10/40 -> 0.75 | I30: =$B$6+$B$7*H30+$B$8*H30^2 -> 0.85 | J30: =EXP(-H30/$B$9)/$B$9 -> 0.44626032
E31: =11/20 -> 0.55 | F31: =($B$6+$B$7*E31+2*$B$8*E31^2)/($B$6+$B$7+2*$B$8) -> 0.73 | H31: =3*11/40 -> 0.825 | I31: =$B$6+$B$7*H31+$B$8*H31^2 -> 0.895 | J31: =EXP(-H31/$B$9)/$B$9 -> 0.38409982
E32: =12/20 -> 0.6 | F32: =($B$6+$B$7*E32+2*$B$8*E32^2)/($B$6+$B$7+2*$B$8) -> 0.76 | H32: =3*12/40 -> 0.9 | I32: =$B$6+$B$7*H32+$B$8*H32^2 -> 0.94 | J32: =EXP(-H32/$B$9)/$B$9 -> 0.33059778
E33: =13/20 -> 0.65 | F33: =($B$6+$B$7*E33+2*$B$8*E33^2)/($B$6+$B$7+2*$B$8) -> 0.79 | H33: =3*13/40 -> 0.975 | I33: =$B$6+$B$7*H33+$B$8*H33^2 -> 0.985 | J33: =EXP(-H33/$B$9)/$B$9 -> 0.28454814
E34: =14/20 -> 0.7 | F34: =($B$6+$B$7*E34+2*$B$8*E34^2)/($B$6+$B$7+2*$B$8) -> 0.82 | H34: =3*14/40 -> 1.05 | I34: =$B$6+$B$7*H34+$B$8*H34^2 -> 1.03 | J34: =EXP(-H34/$B$9)/$B$9 -> 0.24491286
E35: =15/20 -> 0.75 | F35: =($B$6+$B$7*E35+2*$B$8*E35^2)/($B$6+$B$7+2*$B$8) -> 0.85 | H35: =3*15/40 -> 1.125 | I35: =$B$6+$B$7*H35+$B$8*H35^2 -> 1.075 | J35: =EXP(-H35/$B$9)/$B$9 -> 0.21079845
E36: =16/20 -> 0.8 | F36: =($B$6+$B$7*E36+2*$B$8*E36^2)/($B$6+$B$7+2*$B$8) -> 0.88 | H36: =3*16/40 -> 1.2 | I36: =$B$6+$B$7*H36+$B$8*H36^2 -> 1.12 | J36: =EXP(-H36/$B$9)/$B$9 -> 0.18143591
E37: =17/20 -> 0.85 | F37: =($B$6+$B$7*E37+2*$B$8*E37^2)/($B$6+$B$7+2*$B$8) -> 0.91 | H37: =3*17/40 -> 1.275 | I37: =$B$6+$B$7*H37+$B$8*H37^2 -> 1.165 | J37: =EXP(-H37/$B$9)/$B$9 -> 0.15616333
E38: =18/20 -> 0.9 | F38: =($B$6+$B$7*E38+2*$B$8*E38^2)/($B$6+$B$7+2*$B$8) -> 0.94 | H38: =3*18/40 -> 1.35 | I38: =$B$6+$B$7*H38+$B$8*H38^2 -> 1.21 | J38: =EXP(-H38/$B$9)/$B$9 -> 0.13441103
E39: =19/20 -> 0.95 | F39: =($B$6+$B$7*E39+2*$B$8*E39^2)/($B$6+$B$7+2*$B$8) -> 0.97 | H39: =3*19/40 -> 1.425 | I39: =$B$6+$B$7*H39+$B$8*H39^2 -> 1.255 | J39: =EXP(-H39/$B$9)/$B$9 -> 0.11568864
E40: =20/20 -> 1 | F40: =($B$6+$B$7*E40+2*$B$8*E40^2)/($B$6+$B$7+2*$B$8) -> 1 | H40: =3*20/40 -> 1.5 | I40: =$B$6+$B$7*H40+$B$8*H40^2 -> 1.3 | J40: =EXP(-H40/$B$9)/$B$9 -> 0.099574137
H41: =3*21/40 -> 1.575 | I41: =$B$6+$B$7*H41+$B$8*H41^2 -> 1.345 | J41: =EXP(-H41/$B$9)/$B$9 -> 0.085704254
H42: =3*22/40 -> 1.65 | I42: =$B$6+$B$7*H42+$B$8*H42^2 -> 1.39 | J42: =EXP(-H42/$B$9)/$B$9 -> 0.073766335
H43: =3*23/40 -> 1.725 | I43: =$B$6+$B$7*H43+$B$8*H43^2 -> 1.435 | J43: =EXP(-H43/$B$9)/$B$9 -> 0.063491273
H44: =3*24/40 -> 1.8 | I44: =$B$6+$B$7*H44+$B$8*H44^2 -> 1.48 | J44: =EXP(-H44/$B$9)/$B$9 -> 0.054647445
H45: =3*25/40 -> 1.875 | I45: =$B$6+$B$7*H45+$B$8*H45^2 -> 1.525 | J45: =EXP(-H45/$B$9)/$B$9 -> 0.047035492
H46: =3*26/40 -> 1.95 | I46: =$B$6+$B$7*H46+$B$8*H46^2 -> 1.57 | J46: =EXP(-H46/$B$9)/$B$9 -> 0.040483823
H47: =3*27/40 -> 2.025 | I47: =$B$6+$B$7*H47+$B$8*H47^2 -> 1.615 | J47: =EXP(-H47/$B$9)/$B$9 -> 0.034844749
H48: =3*28/40 -> 2.1 | I48: =$B$6+$B$7*H48+$B$8*H48^2 -> 1.66 | J48: =EXP(-H48/$B$9)/$B$9 -> 0.029991154
H49: =3*29/40 -> 2.175 | I49: =$B$6+$B$7*H49+$B$8*H49^2 -> 1.705 | J49: =EXP(-H49/$B$9)/$B$9 -> 0.025813625
H50: =3*30/40 -> 2.25 | I50: =$B$6+$B$7*H50+$B$8*H50^2 -> 1.75 | J50: =EXP(-H50/$B$9)/$B$9 -> 0.022217993
H51: =3*31/40 -> 2.325 | I51: =$B$6+$B$7*H51+$B$8*H51^2 -> 1.795 | J51: =EXP(-H51/$B$9)/$B$9 -> 0.019123204
H52: =3*32/40 -> 2.4 | I52: =$B$6+$B$7*H52+$B$8*H52^2 -> 1.84 | J52: =EXP(-H52/$B$9)/$B$9 -> 0.016459494
H53: =3*33/40 -> 2.475 | I53: =$B$6+$B$7*H53+$B$8*H53^2 -> 1.885 | J53: =EXP(-H53/$B$9)/$B$9 -> 0.014166818
H54: =3*34/40 -> 2.55 | I54: =$B$6+$B$7*H54+$B$8*H54^2 -> 1.93 | J54: =EXP(-H54/$B$9)/$B$9 -> 0.012193493
H55: =3*35/40 -> 2.625 | I55: =$B$6+$B$7*H55+$B$8*H55^2 -> 1.975 | J55: =EXP(-H55/$B$9)/$B$9 -> 0.010495037
H56: =3*36/40 -> 2.7 | I56: =$B$6+$B$7*H56+$B$8*H56^2 -> 2.02 | J56: =EXP(-H56/$B$9)/$B$9 -> 0.0090331619
H57: =3*37/40 -> 2.775 | I57: =$B$6+$B$7*H57+$B$8*H57^2 -> 2.065 | J57: =EXP(-H57/$B$9)/$B$9 -> 0.0077749145
H58: =3*38/40 -> 2.85 | I58: =$B$6+$B$7*H58+$B$8*H58^2 -> 2.11 | J58: =EXP(-H58/$B$9)/$B$9 -> 0.0066919309
H59: =3*39/40 -> 2.925 | I59: =$B$6+$B$7*H59+$B$8*H59^2 -> 2.155 | J59: =EXP(-H59/$B$9)/$B$9 -> 0.0057597983
H60: =3*40/40 -> 3 | I60: =$B$6+$B$7*H60+$B$8*H60^2 -> 2.2 | J60: =EXP(-H60/$B$9)/$B$9 -> 0.0049575044

Sheet RT4 Scattering
A1: Lecture RT4 - Why is S below B at the surface of an isothermal scattering atmosphere?
A2: Photons scatter ~1/eps times before destruction and leak out within tau ~ 1/sqrt(eps) of the surface, so J and S fall below B there.
A3: Equation: S = eps B + (1-eps) J; Eddington: J = B [1 - exp(-sqrt(3 eps) tau)/(1 + 2 sqrt(eps/3))]; exact: S(0) = sqrt(eps) B
A5: Inputs
A6: Destruction probability eps | B6: 0.01
A8: Results
A9: Exact S(0)/B = sqrt(eps) | B9: =SQRT($B$6) -> 0.1
A10: Eddington S(0)/B | B10: =$B$6+(1-$B$6)*(1-1/(1+2*SQRT($B$6/3))) -> 0.11248178
A11: Eddington error at the surface | B11: =B10/B9-1 -> 0.12481777
A12: Thermalisation depth 1/sqrt(eps) | B12: =1/SQRT($B$6) -> 10
A13: Eddington thermalisation length 1/sqrt(3 eps) | B13: =1/SQRT(3*$B$6) -> 5.7735027
A16: Exact numerical S(0)/B (Lambda matrix) for comparison: see sheet Data, columns I-K. | E16: tau | F16: S/B (Eddington) | G16: J/B (Eddington)
E17: 0.001 | F17: =$B$6+(1-$B$6)*(1-EXP(-SQRT(3*$B$6)*E17)/(1+2*SQRT($B$6/3))) -> 0.11263549 | G17: =1-EXP(-SQRT(3*$B$6)*E17)/(1+2*SQRT($B$6/3)) -> 0.10367221
E18: 0.0013335214 | F18: =$B$6+(1-$B$6)*(1-EXP(-SQRT(3*$B$6)*E18)/(1+2*SQRT($B$6/3))) -> 0.11268675 | G18: =1-EXP(-SQRT(3*$B$6)*E18)/(1+2*SQRT($B$6/3)) -> 0.10372399
A19: Rosseland mean calculator (3 frequency bands) | E19: 0.0017782794 | F19: =$B$6+(1-$B$6)*(1-EXP(-SQRT(3*$B$6)*E19)/(1+2*SQRT($B$6/3))) -> 0.1127551 | G19: =1-EXP(-SQRT(3*$B$6)*E19)/(1+2*SQRT($B$6/3)) -> 0.10379303
A20: Band weights must add to 1 (fraction of dB/dT in each band). | E20: 0.0023713737 | F20: =$B$6+(1-$B$6)*(1-EXP(-SQRT(3*$B$6)*E20)/(1+2*SQRT($B$6/3))) -> 0.11284624 | G20: =1-EXP(-SQRT(3*$B$6)*E20)/(1+2*SQRT($B$6/3)) -> 0.10388509
A21: Weight band 1 | B21: 0.5 | E21: 0.0031622777 | F21: =$B$6+(1-$B$6)*(1-EXP(-SQRT(3*$B$6)*E21)/(1+2*SQRT($B$6/3))) -> 0.11296776 | G21: =1-EXP(-SQRT(3*$B$6)*E21)/(1+2*SQRT($B$6/3)) -> 0.10400784
A22: Weight band 2 | B22: 0.3 | E22: 0.004216965 | F22: =$B$6+(1-$B$6)*(1-EXP(-SQRT(3*$B$6)*E22)/(1+2*SQRT($B$6/3))) -> 0.11312978 | G22: =1-EXP(-SQRT(3*$B$6)*E22)/(1+2*SQRT($B$6/3)) -> 0.1041715
A23: Weight band 3 | B23: 0.2 | E23: 0.0056234133 | F23: =$B$6+(1-$B$6)*(1-EXP(-SQRT(3*$B$6)*E23)/(1+2*SQRT($B$6/3))) -> 0.1133458 | G23: =1-EXP(-SQRT(3*$B$6)*E23)/(1+2*SQRT($B$6/3)) -> 0.1043897
A24: Opacity band 1 | B24: 1 | C24: m^2/kg | E24: 0.0074989421 | F24: =$B$6+(1-$B$6)*(1-EXP(-SQRT(3*$B$6)*E24)/(1+2*SQRT($B$6/3))) -> 0.11363379 | G24: =1-EXP(-SQRT(3*$B$6)*E24)/(1+2*SQRT($B$6/3)) -> 0.10468059
A25: Opacity band 2 | B25: 10 | C25: m^2/kg | E25: 0.01 | F25: =$B$6+(1-$B$6)*(1-EXP(-SQRT(3*$B$6)*E25)/(1+2*SQRT($B$6/3))) -> 0.11401767 | G25: =1-EXP(-SQRT(3*$B$6)*E25)/(1+2*SQRT($B$6/3)) -> 0.10506836
A26: Opacity band 3 | B26: 1000 | C26: m^2/kg | E26: 0.013335214 | F26: =$B$6+(1-$B$6)*(1-EXP(-SQRT(3*$B$6)*E26)/(1+2*SQRT($B$6/3))) -> 0.11452934 | G26: =1-EXP(-SQRT(3*$B$6)*E26)/(1+2*SQRT($B$6/3)) -> 0.10558519
A27: Rosseland mean (harmonic) | B27: =($B$21+$B$22+$B$23)/($B$21/$B$24+$B$22/$B$25+$B$23/$B$26) -> 1.8860807 | C27: m^2/kg | E27: 0.017782794 | F27: =$B$6+(1-$B$6)*(1-EXP(-SQRT(3*$B$6)*E27)/(1+2*SQRT($B$6/3))) -> 0.11521119 | G27: =1-EXP(-SQRT(3*$B$6)*E27)/(1+2*SQRT($B$6/3)) -> 0.10627393
A28: Planck-type mean (arithmetic) | B28: =($B$21*$B$24+$B$22*$B$25+$B$23*$B$26)/($B$21+$B$22+$B$23) -> 203.5 | C28: m^2/kg | E28: 0.023713737 | F28: =$B$6+(1-$B$6)*(1-EXP(-SQRT(3*$B$6)*E28)/(1+2*SQRT($B$6/3))) -> 0.11611964 | G28: =1-EXP(-SQRT(3*$B$6)*E28)/(1+2*SQRT($B$6/3)) -> 0.10719156
E29: 0.031622777 | F29: =$B$6+(1-$B$6)*(1-EXP(-SQRT(3*$B$6)*E29)/(1+2*SQRT($B$6/3))) -> 0.11732963 | G29: =1-EXP(-SQRT(3*$B$6)*E29)/(1+2*SQRT($B$6/3)) -> 0.10841376
E30: 0.04216965 | F30: =$B$6+(1-$B$6)*(1-EXP(-SQRT(3*$B$6)*E30)/(1+2*SQRT($B$6/3))) -> 0.11894059 | G30: =1-EXP(-SQRT(3*$B$6)*E30)/(1+2*SQRT($B$6/3)) -> 0.110041
E31: 0.056234133 | F31: =$B$6+(1-$B$6)*(1-EXP(-SQRT(3*$B$6)*E31)/(1+2*SQRT($B$6/3))) -> 0.12108428 | G31: =1-EXP(-SQRT(3*$B$6)*E31)/(1+2*SQRT($B$6/3)) -> 0.11220634
E32: 0.074989421 | F32: =$B$6+(1-$B$6)*(1-EXP(-SQRT(3*$B$6)*E32)/(1+2*SQRT($B$6/3))) -> 0.12393481 | G32: =1-EXP(-SQRT(3*$B$6)*E32)/(1+2*SQRT($B$6/3)) -> 0.11508567
E33: 0.1 | F33: =$B$6+(1-$B$6)*(1-EXP(-SQRT(3*$B$6)*E33)/(1+2*SQRT($B$6/3))) -> 0.12772168 | G33: =1-EXP(-SQRT(3*$B$6)*E33)/(1+2*SQRT($B$6/3)) -> 0.11891079
E34: 0.13335214 | F34: =$B$6+(1-$B$6)*(1-EXP(-SQRT(3*$B$6)*E34)/(1+2*SQRT($B$6/3))) -> 0.1327461 | G34: =1-EXP(-SQRT(3*$B$6)*E34)/(1+2*SQRT($B$6/3)) -> 0.12398596
E35: 0.17782794 | F35: =$B$6+(1-$B$6)*(1-EXP(-SQRT(3*$B$6)*E35)/(1+2*SQRT($B$6/3))) -> 0.13940126 | G35: =1-EXP(-SQRT(3*$B$6)*E35)/(1+2*SQRT($B$6/3)) -> 0.13070835
E36: 0.23713737 | F36: =$B$6+(1-$B$6)*(1-EXP(-SQRT(3*$B$6)*E36)/(1+2*SQRT($B$6/3))) -> 0.14819668 | G36: =1-EXP(-SQRT(3*$B$6)*E36)/(1+2*SQRT($B$6/3)) -> 0.1395926
E37: 0.31622777 | F37: =$B$6+(1-$B$6)*(1-EXP(-SQRT(3*$B$6)*E37)/(1+2*SQRT($B$6/3))) -> 0.15978585 | G37: =1-EXP(-SQRT(3*$B$6)*E37)/(1+2*SQRT($B$6/3)) -> 0.15129884
E38: 0.4216965 | F38: =$B$6+(1-$B$6)*(1-EXP(-SQRT(3*$B$6)*E38)/(1+2*SQRT($B$6/3))) -> 0.17499531 | G38: =1-EXP(-SQRT(3*$B$6)*E38)/(1+2*SQRT($B$6/3)) -> 0.16666192
E39: 0.56234133 | F39: =$B$6+(1-$B$6)*(1-EXP(-SQRT(3*$B$6)*E39)/(1+2*SQRT($B$6/3))) -> 0.19484993 | G39: =1-EXP(-SQRT(3*$B$6)*E39)/(1+2*SQRT($B$6/3)) -> 0.1867171
E40: 0.74989421 | F40: =$B$6+(1-$B$6)*(1-EXP(-SQRT(3*$B$6)*E40)/(1+2*SQRT($B$6/3))) -> 0.22058506 | G40: =1-EXP(-SQRT(3*$B$6)*E40)/(1+2*SQRT($B$6/3)) -> 0.21271218
... E69: 3162.2777 | F69: =$B$6+(1-$B$6)*(1-EXP(-SQRT(3*$B$6)*E69)/(1+2*SQRT($B$6/3))) -> 1 | G69: =1-EXP(-SQRT(3*$B$6)*E69)/(1+2*SQRT($B$6/3)) -> 1

Sheet SA4 Gray atmosphere
A1: Lecture SA4 - The complete gray LTE atmosphere
A2: Exact solution (Hopf q, Chandrasekhar H) vs Eddington. The model scales with T_eff; limb darkening and spectrum are integrated numerically.
A3: Equation: T^4 = 3/4 T_eff^4 [tau + q(tau)]; I_lambda(0,mu) = Int B_lambda(T(tau)) exp(-tau/mu) dtau/mu; F_lambda = 2 pi Int B_lambda E2 dtau; P = g tau / kappa
A5: Inputs
A6: Effective temperature T_eff | B6: 5772 | C6: K
A7: Wavelength for limb darkening | B7: 500 | C7: nm
A8: Surface gravity log g (cgs) | B8: 4.44
A9: Mean opacity kappa | B9: 0.03 | C9: m^2/kg
A11: Results
A12: Surface T(0), exact | B12: =$B$6*(0.75*INDEX(Data!$B$4:$B$74,1))^0.25 -> 4682.1541 | C12: K
A13: Surface T(0), Eddington | B13: =$B$6*0.5^0.25 -> 4853.6541 | C13: K
A14: T at tau = 1 (Eddington) | B14: =$B$6*(0.75*(1+2/3))^0.25 -> 6103.1469 | C14: K
A15: Pressure at tau = 2/3: P = g tau/kappa | B15: =10^$B$8/100*(2/3)/$B$9 -> 6120.5082 | C15: Pa
A16: Density at tau = 2/3 (mu_mol = 1.3) | B16: =$B$15*1.3*mH/(kB*$B$6) -> 0.00016708865 | C16: kg m^-3
A17: Energy check: Int F_lambda dlambda / sigma T_eff^4 | B17: =SUMPRODUCT(T31:T150,U31:U150)/(sigSB*B6^4) -> 1.0045294 | C17: (should be ~1)
M19: mu | N19: I_lambda(0,mu) | O19: I/I(1) at lambda | P19: Eddington (2+3mu)/5 | Q19: bolometric exact
M20: 0.02 | N20: =SUMPRODUCT($K$31:$K$101,EXP(-$E$31:$E$101/M20)/M20,$H$31:$H$101) -> 9.0128485e+12 | O20: =N20/N40 -> 0.26173274 | P20: =(2+3*M20)/5 -> 0.412 | Q20: =INDEX(Data!$G$4:$G$24,MATCH(ROUND(M20*20,0)/20,Data!$E$4:$E$24,1)) -> 0.34390136
M21: 0.05 | N21: =SUMPRODUCT($K$31:$K$101,EXP(-$E$31:$E$101/M21)/M21,$H$31:$H$101) -> 9.9901388e+12 | O21: =N21/N40 -> 0.29011321 | P21: =(2+3*M21)/5 -> 0.43 | Q21: =INDEX(Data!$G$4:$G$24,MATCH(ROUND(M21*20,0)/20,Data!$E$4:$E$24,1)) -> 0.39086964
M22: 0.1 | N22: =SUMPRODUCT($K$31:$K$101,EXP(-$E$31:$E$101/M22)/M22,$H$31:$H$101) -> 1.148252e+13 | O22: =N22/N40 -> 0.33345191 | P22: =(2+3*M22)/5 -> 0.46 | Q22: =INDEX(Data!$G$4:$G$24,MATCH(ROUND(M22*20,0)/20,Data!$E$4:$E$24,1)) -> 0.42896552
M23: 0.15 | N23: =SUMPRODUCT($K$31:$K$101,EXP(-$E$31:$E$101/M23)/M23,$H$31:$H$101) -> 1.2902465e+13 | O23: =N23/N40 -> 0.37468706 | P23: =(2+3*M23)/5 -> 0.49 | Q23: =INDEX(Data!$G$4:$G$24,MATCH(ROUND(M23*20,0)/20,Data!$E$4:$E$24,1)) -> 0.46455351
M24: 0.2 | N24: =SUMPRODUCT($K$31:$K$101,EXP(-$E$31:$E$101/M24)/M24,$H$31:$H$101) -> 1.4283126e+13 | O24: =N24/N40 -> 0.41478138 | P24: =(2+3*M24)/5 -> 0.52 | Q24: =INDEX(Data!$G$4:$G$24,MATCH(ROUND(M24*20,0)/20,Data!$E$4:$E$24,1)) -> 0.49877783
M25: 0.25 | N25: =SUMPRODUCT($K$31:$K$101,EXP(-$E$31:$E$101/M25)/M25,$H$31:$H$101) -> 1.5637404e+13 | O25: =N25/N40 -> 0.45410955 | P25: =(2+3*M25)/5 -> 0.55 | Q25: =INDEX(Data!$G$4:$G$24,MATCH(ROUND(M25*20,0)/20,Data!$E$4:$E$24,1)) -> 0.5321276
M26: 0.3 | N26: =SUMPRODUCT($K$31:$K$101,EXP(-$E$31:$E$101/M26)/M26,$H$31:$H$101) -> 1.6971691e+13 | O26: =N26/N40 -> 0.4928572 | P26: =(2+3*M26)/5 -> 0.58 | Q26: =INDEX(Data!$G$4:$G$24,MATCH(ROUND(M26*20,0)/20,Data!$E$4:$E$24,1)) -> 0.56486564
M27: 0.35 | N27: =SUMPRODUCT($K$31:$K$101,EXP(-$E$31:$E$101/M27)/M27,$H$31:$H$101) -> 1.8289608e+13 | O27: =N27/N40 -> 0.53112946 | P27: =(2+3*M27)/5 -> 0.61 | Q27: =INDEX(Data!$G$4:$G$24,MATCH(ROUND(M27*20,0)/20,Data!$E$4:$E$24,1)) -> 0.59715161
M28: 0.4 | N28: =SUMPRODUCT($K$31:$K$101,EXP(-$E$31:$E$101/M28)/M28,$H$31:$H$101) -> 1.9593401e+13 | O28: =N28/N40 -> 0.56899154 | P28: =(2+3*M28)/5 -> 0.64 | Q28: =INDEX(Data!$G$4:$G$24,MATCH(ROUND(M28*20,0)/20,Data!$E$4:$E$24,1)) -> 0.62909037
M29: 0.45 | N29: =SUMPRODUCT($K$31:$K$101,EXP(-$E$31:$E$101/M29)/M29,$H$31:$H$101) -> 2.0884561e+13 | O29: =N29/N40 -> 0.60648677 | P29: =(2+3*M29)/5 -> 0.67 | Q29: =INDEX(Data!$G$4:$G$24,MATCH(ROUND(M29*20,0)/20,Data!$E$4:$E$24,1)) -> 0.66075474 | S29: Emergent spectrum (20 nm - 100 um, used for the energy check)
E30: tau | F30: Hopf q | G30: E2(tau) | H30: trapezoid weight | I30: T exact [K] | J30: T Eddington [K] | K30: B_lambda(T) at chosen lambda | M30: 0.5 | N30: =SUMPRODUCT($K$31:$K$101,EXP(-$E$31:$E$101/M30)/M30,$H$31:$H$101) -> 22164135050376 | O30: =N30/N40 -> 0.64364556 | P30: =(2+3*M30)/5 -> 0.7 | Q30: =INDEX(Data!$G$4:$G$24,MATCH(ROUND(M30*20,0)/20,Data!$E$4:$E$24,1)) -> 0.69219736 | S30: lambda [nm] | T30: F_lambda gray LTE | U30: d lambda weight [m] | V30: pi B_lambda(T_eff)
E31: =INDEX(Data!$A$4:$A$74,1) -> 0 | F31: =INDEX(Data!$B$4:$B$74,1) -> 0.57731952 | G31: =INDEX(Data!$C$4:$C$74,1) -> 1 | H31: =(E32-E31)/2 -> 0.0005 | I31: =$B$6*(0.75*(E31+F31))^0.25 -> 4682.1541 | J31: =$B$6*(0.75*(E31+2/3))^0.25 -> 4853.6541 | K31: =2*hP*cL^2/($B$7*0.000000001)^5/(EXP(hP*cL/($B$7*0.000000001*kB*I31))-1) -> 8.1832536e+12 | M31: 0.55 | N31: =SUMPRODUCT($K$31:$K$101,EXP(-$E$31:$E$101/M31)/M31,$H$31:$H$101) -> 2.3432896e+13 | O31: =N31/N40 -> 0.68049031 | P31: =(2+3*M31)/5 -> 0.73 | Q31: =INDEX(Data!$G$4:$G$24,MATCH(ROUND(M31*20,0)/20,Data!$E$4:$E$24,1)) -> 0.72345753 | S31: 20 | T31: =2*PI()*SUMPRODUCT(2*hP*cL^2/(S31*0.000000001)^5/(EXP(hP*cL/(S31*0.000000001*kB*$I$31:$I$101))-1),$G$31:$G$101,$H$31:$H$101) -> 2.3091236e-13 | U31: =(S32-S31)/2*0.000000001 -> 7.42e-10 | V31: =PI()*2*hP*cL^2/(S31*0.000000001)^5/(EXP(hP*cL/(S31*0.000000001*kB*$B$6))-1) -> 8.709522e-32
E32: =INDEX(Data!$A$4:$A$74,2) -> 0.001 | F32: =INDEX(Data!$B$4:$B$74,2) -> 0.57905525 | G32: =INDEX(Data!$C$4:$C$74,2) -> 0.99266896 | H32: =(E33-E31)/2 -> 0.00058057164 | I32: =$B$6*(0.75*(E32+F32))^0.25 -> 4687.691 | J32: =$B$6*(0.75*(E32+2/3))^0.25 -> 4855.4732 | K32: =2*hP*cL^2/($B$7*0.000000001)^5/(EXP(hP*cL/($B$7*0.000000001*kB*I32))-1) -> 8.2430028e+12 | M32: 0.6 | N32: =SUMPRODUCT($K$31:$K$101,EXP(-$E$31:$E$101/M32)/M32,$H$31:$H$101) -> 2.4691434e+13 | O32: =N32/N40 -> 0.71703823 | P32: =(2+3*M32)/5 -> 0.76 | Q32: =INDEX(Data!$G$4:$G$24,MATCH(ROUND(M32*20,0)/20,Data!$E$4:$E$24,1)) -> 0.75456533 | S32: 21.484 | T32: =2*PI()*SUMPRODUCT(2*hP*cL^2/(S32*0.000000001)^5/(EXP(hP*cL/(S32*0.000000001*kB*$I$31:$I$101))-1),$G$31:$G$101,$H$31:$H$101) -> 1.6750552e-11 | U32: =(S33-S31)/2*0.000000001 -> 1.539e-09 | V32: =PI()*2*hP*cL^2/(S32*0.000000001)^5/(EXP(hP*cL/(S32*0.000000001*kB*$B$6))-1) -> 3.3376221e-28
E33: =INDEX(Data!$A$4:$A$74,3) -> 0.0011611433 | F33: =INDEX(Data!$B$4:$B$74,3) -> 0.57928538 | G33: =INDEX(Data!$C$4:$C$74,3) -> 0.991661 | H33: =(E34-E32)/2 -> 0.00017412687 | I33: =$B$6*(0.75*(E33+F33))^0.25 -> 4688.4813 | J33: =$B$6*(0.75*(E33+2/3))^0.25 -> 4855.7662 | K33: =2*hP*cL^2/($B$7*0.000000001)^5/(EXP(hP*cL/($B$7*0.000000001*kB*I33))-1) -> 8.2515552e+12 | M33: 0.65 | N33: =SUMPRODUCT($K$31:$K$101,EXP(-$E$31:$E$101/M33)/M33,$H$31:$H$101) -> 2.5940223e+13 | O33: =N33/N40 -> 0.75330298 | P33: =(2+3*M33)/5 -> 0.79 | Q33: =INDEX(Data!$G$4:$G$24,MATCH(ROUND(M33*20,0)/20,Data!$E$4:$E$24,1)) -> 0.78554432 | S33: 23.078 | T33: =2*PI()*SUMPRODUCT(2*hP*cL^2/(S33*0.000000001)^5/(EXP(hP*cL/(S33*0.000000001*kB*$I$31:$I$101))-1),$G$31:$G$101,$H$31:$H$101) -> 9.389856e-10 | U33: =(S34-S32)/2*0.000000001 -> 1.653e-09 | V33: =PI()*2*hP*cL^2/(S33*0.000000001)^5/(EXP(hP*cL/(S33*0.000000001*kB*$B$6))-1) -> 7.0534284e-25
E34: =INDEX(Data!$A$4:$A$74,4) -> 0.0013482537 | F34: =INDEX(Data!$B$4:$B$74,4) -> 0.57954469 | G34: =INDEX(Data!$C$4:$C$74,4) -> 0.99051854 | H34: =(E35-E33)/2 -> 0.00020218624 | I34: =$B$6*(0.75*(E34+F34))^0.25 -> 4689.3826 | J34: =$B$6*(0.75*(E34+2/3))^0.25 -> 4856.1062 | K34: =2*hP*cL^2/($B$7*0.000000001)^5/(EXP(hP*cL/($B$7*0.000000001*kB*I34))-1) -> 8.2613148e+12 | M34: 0.7 | N34: =SUMPRODUCT($K$31:$K$101,EXP(-$E$31:$E$101/M34)/M34,$H$31:$H$101) -> 2.7179647e+13 | O34: =N34/N40 -> 0.78929581 | P34: =(2+3*M34)/5 -> 0.82 | Q34: =INDEX(Data!$G$4:$G$24,MATCH(ROUND(M34*20,0)/20,Data!$E$4:$E$24,1)) -> 0.8164132 | S34: 24.79 | T34: =2*PI()*SUMPRODUCT(2*hP*cL^2/(S34*0.000000001)^5/(EXP(hP*cL/(S34*0.000000001*kB*$I$31:$I$101))-1),$G$31:$G$101,$H$31:$H$101) -> 4.1259537e-08 | U34: =(S35-S33)/2*0.000000001 -> 1.776e-09 | V34: =PI()*2*hP*cL^2/(S34*0.000000001)^5/(EXP(hP*cL/(S34*0.000000001*kB*$B$6))-1) -> 8.5610545e-22
E35: =INDEX(Data!$A$4:$A$74,5) -> 0.0015655158 | F35: =INDEX(Data!$B$4:$B$74,5) -> 0.57983662 | G35: =INDEX(Data!$C$4:$C$74,5) -> 0.98922439 | H35: =(E36-E34)/2 -> 0.0002347672 | I35: =$B$6*(0.75*(E35+F35))^0.25 -> 4690.4099 | J35: =$B$6*(0.75*(E35+2/3))^0.25 -> 4856.501 | K35: =2*hP*cL^2/($B$7*0.000000001)^5/(EXP(hP*cL/($B$7*0.000000001*kB*I35))-1) -> 8.2724495e+12 | M35: 0.75 | N35: =SUMPRODUCT($K$31:$K$101,EXP(-$E$31:$E$101/M35)/M35,$H$31:$H$101) -> 2.8410035e+13 | O35: =N35/N40 -> 0.82502622 | P35: =(2+3*M35)/5 -> 0.85 | Q35: =INDEX(Data!$G$4:$G$24,MATCH(ROUND(M35*20,0)/20,Data!$E$4:$E$24,1)) -> 0.84718713 | S35: 26.63 | T35: =2*PI()*SUMPRODUCT(2*hP*cL^2/(S35*0.000000001)^5/(EXP(hP*cL/(S35*0.000000001*kB*$I$31:$I$101))-1),$G$31:$G$101,$H$31:$H$101) -> 1.444051e-06 | U35: =(S36-S34)/2*0.000000001 -> 1.9075e-09 | V35: =PI()*2*hP*cL^2/(S35*0.000000001)^5/(EXP(hP*cL/(S35*0.000000001*kB*$B$6))-1) -> 6.2283847e-19
E36: =INDEX(Data!$A$4:$A$74,6) -> 0.0018177881 | F36: =INDEX(Data!$B$4:$B$74,6) -> 0.58016498 | G36: =INDEX(Data!$C$4:$C$74,6) -> 0.98775933 | H36: =(E37-E35)/2 -> 0.00027259835 | I36: =$B$6*(0.75*(E36+F36))^0.25 -> 4691.5805 | J36: =$B$6*(0.75*(E36+2/3))^0.25 -> 4856.9593 | K36: =2*hP*cL^2/($B$7*0.000000001)^5/(EXP(hP*cL/($B$7*0.000000001*kB*I36))-1) -> 8.2851499e+12 | M36: 0.8 | N36: =SUMPRODUCT($K$31:$K$101,EXP(-$E$31:$E$101/M36)/M36,$H$31:$H$101) -> 2.9631669e+13 | O36: =N36/N40 -> 0.86050242 | P36: =(2+3*M36)/5 -> 0.88 | Q36: =INDEX(Data!$G$4:$G$24,MATCH(ROUND(M36*20,0)/20,Data!$E$4:$E$24,1)) -> 0.87787849 | S36: 28.605 | T36: =2*PI()*SUMPRODUCT(2*hP*cL^2/(S36*0.000000001)^5/(EXP(hP*cL/(S36*0.000000001*kB*$I$31:$I$101))-1),$G$31:$G$101,$H$31:$H$101) -> 4.0591053e-05 | U36: =(S37-S35)/2*0.000000001 -> 2.049e-09 | V36: =PI()*2*hP*cL^2/(S36*0.000000001)^5/(EXP(hP*cL/(S36*0.000000001*kB*$B$6))-1) -> 2.7911451e-16
E37: =INDEX(Data!$A$4:$A$74,7) -> 0.0021107125 | F37: =INDEX(Data!$B$4:$B$74,7) -> 0.58053398 | G37: =INDEX(Data!$C$4:$C$74,7) -> 0.98610187 | H37: =(E38-E36)/2 -> 0.00031652575 | I37: =$B$6*(0.75*(E37+F37))^0.25 -> 4692.9139 | J37: =$B$6*(0.75*(E37+2/3))^0.25 -> 4857.4913 | K37: =2*hP*cL^2/($B$7*0.000000001)^5/(EXP(hP*cL/($B$7*0.000000001*kB*I37))-1) -> 8.2996327e+12 | M37: 0.85 | N37: =SUMPRODUCT($K$31:$K$101,EXP(-$E$31:$E$101/M37)/M37,$H$31:$H$101) -> 3.0844798e+13 | O37: =N37/N40 -> 0.89573166 | P37: =(2+3*M37)/5 -> 0.91 | Q37: =INDEX(Data!$G$4:$G$24,MATCH(ROUND(M37*20,0)/20,Data!$E$4:$E$24,1)) -> 0.90849753 | S37: 30.728 | T37: =2*PI()*SUMPRODUCT(2*hP*cL^2/(S37*0.000000001)^5/(EXP(hP*cL/(S37*0.000000001*kB*$I$31:$I$101))-1),$G$31:$G$101,$H$31:$H$101) -> 0.0009320383 | U37: =(S38-S36)/2*0.000000001 -> 2.2015e-09 | V37: =PI()*2*hP*cL^2/(S37*0.000000001)^5/(EXP(hP*cL/(S37*0.000000001*kB*$B$6))-1) -> 8.0360141e-14
E38: =INDEX(Data!$A$4:$A$74,8) -> 0.0024508396 | F38: =INDEX(Data!$B$4:$B$74,8) -> 0.58094821 | G38: =INDEX(Data!$C$4:$C$74,8) -> 0.98422803 | H38: =(E39-E37)/2 -> 0.00036753175 | I38: =$B$6*(0.75*(E38+F38))^0.25 -> 4694.4322 | J38: =$B$6*(0.75*(E38+2/3))^0.25 -> 4858.1088 | K38: =2*hP*cL^2/($B$7*0.000000001)^5/(EXP(hP*cL/($B$7*0.000000001*kB*I38))-1) -> 8.3161441e+12 | M38: 0.9 | N38: =SUMPRODUCT($K$31:$K$101,EXP(-$E$31:$E$101/M38)/M38,$H$31:$H$101) -> 32049648648016 | O38: =N38/N40 -> 0.93072046 | P38: =(2+3*M38)/5 -> 0.94 | Q38: =INDEX(Data!$G$4:$G$24,MATCH(ROUND(M38*20,0)/20,Data!$E$4:$E$24,1)) -> 0.93905282 | S38: 33.008 | T38: =2*PI()*SUMPRODUCT(2*hP*cL^2/(S38*0.000000001)^5/(EXP(hP*cL/(S38*0.000000001*kB*$I$31:$I$101))-1),$G$31:$G$101,$H$31:$H$101) -> 0.017628052 | U38: =(S39-S37)/2*0.000000001 -> 2.3645e-09 | V38: =PI()*2*hP*cL^2/(S38*0.000000001)^5/(EXP(hP*cL/(S38*0.000000001*kB*$B$6))-1) -> 1.5244884e-11
E39: =INDEX(Data!$A$4:$A$74,9) -> 0.002845776 | F39: =INDEX(Data!$B$4:$B$74,9) -> 0.58141276 | G39: =INDEX(Data!$C$4:$C$74,9) -> 0.98211109 | H39: =(E40-E38)/2 -> 0.00042675702 | I39: =$B$6*(0.75*(E39+F39))^0.25 -> 4696.1602 | J39: =$B$6*(0.75*(E39+2/3))^0.25 -> 4858.8255 | K39: =2*hP*cL^2/($B$7*0.000000001)^5/(EXP(hP*cL/($B$7*0.000000001*kB*I39))-1) -> 8.3349638e+12 | M39: 0.95 | N39: =SUMPRODUCT($K$31:$K$101,EXP(-$E$31:$E$101/M39)/M39,$H$31:$H$101) -> 3.3246423e+13 | O39: =N39/N40 -> 0.96547475 | P39: =(2+3*M39)/5 -> 0.97 | Q39: =INDEX(Data!$G$4:$G$24,MATCH(ROUND(M39*20,0)/20,Data!$E$4:$E$24,1)) -> 0.96955159 | S39: 35.457 | T39: =2*PI()*SUMPRODUCT(2*hP*cL^2/(S39*0.000000001)^5/(EXP(hP*cL/(S39*0.000000001*kB*$I$31:$I$101))-1),$G$31:$G$101,$H$31:$H$101) -> 0.27775411 | U39: =(S40-S38)/2*0.000000001 -> 2.54e-09 | V39: =PI()*2*hP*cL^2/(S39*0.000000001)^5/(EXP(hP*cL/(S39*0.000000001*kB*$B$6))-1) -> 1.9632486e-09
E40: =INDEX(Data!$A$4:$A$74,10) -> 0.0033043537 | F40: =INDEX(Data!$B$4:$B$74,10) -> 0.58193314 | G40: =INDEX(Data!$C$4:$C$74,10) -> 0.97972135 | H40: =(E41-E39)/2 -> 0.00049552605 | I40: =$B$6*(0.75*(E40+F40))^0.25 -> 4698.1261 | J40: =$B$6*(0.75*(E40+2/3))^0.25 -> 4859.6573 | K40: =2*hP*cL^2/($B$7*0.000000001)^5/(EXP(hP*cL/($B$7*0.000000001*kB*I40))-1) -> 8.3564093e+12 | M40: 1 | N40: =SUMPRODUCT($K$31:$K$101,EXP(-$E$31:$E$101/M40)/M40,$H$31:$H$101) -> 3.4435311e+13 | O40: =N40/N40 -> 1 | P40: =(2+3*M40)/5 -> 1 | Q40: =INDEX(Data!$G$4:$G$24,MATCH(ROUND(M40*20,0)/20,Data!$E$4:$E$24,1)) -> 1 | S40: 38.088 | T40: =2*PI()*SUMPRODUCT(2*hP*cL^2/(S40*0.000000001)^5/(EXP(hP*cL/(S40*0.000000001*kB*$I$31:$I$101))-1),$G$31:$G$101,$H$31:$H$101) -> 3.6847922 | U40: =(S41-S39)/2*0.000000001 -> 2.7285e-09 | V40: =PI()*2*hP*cL^2/(S40*0.000000001)^5/(EXP(hP*cL/(S40*0.000000001*kB*$B$6))-1) -> 1.7642956e-07
E41: =INDEX(Data!$A$4:$A$74,11) -> 0.0038368281 | F41: =INDEX(Data!$B$4:$B$74,11) -> 0.5825154 | G41: =INDEX(Data!$C$4:$C$74,11) -> 0.9770258 | H41: =(E42-E40)/2 -> 0.00057537674 | I41: =$B$6*(0.75*(E41+F41))^0.25 -> 4700.3617 | J41: =$B$6*(0.75*(E41+2/3))^0.25 -> 4860.6226 | K41: =2*hP*cL^2/($B$7*0.000000001)^5/(EXP(hP*cL/($B$7*0.000000001*kB*I41))-1) -> 8.3808417e+12 | S41: 40.914 | T41: =2*PI()*SUMPRODUCT(2*hP*cL^2/(S41*0.000000001)^5/(EXP(hP*cL/(S41*0.000000001*kB*$I$31:$I$101))-1),$G$31:$G$101,$H$31:$H$101) -> 41.53404 | U41: =(S42-S40)/2*0.000000001 -> 2.9305e-09 | V41: =PI()*2*hP*cL^2/(S41*0.000000001)^5/(EXP(hP*cL/(S41*0.000000001*kB*$B$6))-1) -> 1.1333073e-05
E42: =INDEX(Data!$A$4:$A$74,12) -> 0.0044551071 | F42: =INDEX(Data!$B$4:$B$74,12) -> 0.58316608 | G42: =INDEX(Data!$C$4:$C$74,12) -> 0.9739879 | H42: =(E43-E41)/2 -> 0.00066809484 | I42: =$B$6*(0.75*(E42+F42))^0.25 -> 4702.9028 | J42: =$B$6*(0.75*(E42+2/3))^0.25 -> 4861.7427 | K42: =2*hP*cL^2/($B$7*0.000000001)^5/(EXP(hP*cL/($B$7*0.000000001*kB*I42))-1) -> 8.4086707e+12 | S42: 43.949 | T42: =2*PI()*SUMPRODUCT(2*hP*cL^2/(S42*0.000000001)^5/(EXP(hP*cL/(S42*0.000000001*kB*$I$31:$I$101))-1),$G$31:$G$101,$H$31:$H$101) -> 401.27466 | U42: =(S43-S41)/2*0.000000001 -> 3.148e-09 | V42: =PI()*2*hP*cL^2/(S42*0.000000001)^5/(EXP(hP*cL/(S42*0.000000001*kB*$B$6))-1) -> 0.00053232332
E43: =INDEX(Data!$A$4:$A$74,13) -> 0.0051730177 | F43: =INDEX(Data!$B$4:$B$74,13) -> 0.58389215 | G43: =INDEX(Data!$C$4:$C$74,13) -> 0.97056725 | H43: =(E44-E42)/2 -> 0.00077575384 | I43: =$B$6*(0.75*(E43+F43))^0.25 -> 4705.7893 | J43: =$B$6*(0.75*(E43+2/3))^0.25 -> 4863.0423 | K43: =2*hP*cL^2/($B$7*0.000000001)^5/(EXP(hP*cL/($B$7*0.000000001*kB*I43))-1) -> 8.4403591e+12 | S43: 47.21 | T43: =2*PI()*SUMPRODUCT(2*hP*cL^2/(S43*0.000000001)^5/(EXP(hP*cL/(S43*0.000000001*kB*$I$31:$I$101))-1),$G$31:$G$101,$H$31:$H$101) -> 3354.988 | U43: =(S44-S42)/2*0.000000001 -> 3.382e-09 | V43: =PI()*2*hP*cL^2/(S43*0.000000001)^5/(EXP(hP*cL/(S43*0.000000001*kB*$B$6))-1) -> 0.018715467
E44: =INDEX(Data!$A$4:$A$74,14) -> 0.0060066148 | F44: =INDEX(Data!$B$4:$B$74,14) -> 0.58470125 | G44: =INDEX(Data!$C$4:$C$74,14) -> 0.96671928 | H44: =(E45-E43)/2 -> 0.00090076136 | I44: =$B$6*(0.75*(E44+F44))^0.25 -> 4709.0665 | J44: =$B$6*(0.75*(E44+2/3))^0.25 -> 4864.5501 | K44: =2*hP*cL^2/($B$7*0.000000001)^5/(EXP(hP*cL/($B$7*0.000000001*kB*I44))-1) -> 8.4764351e+12 | S44: 50.713 | T44: =2*PI()*SUMPRODUCT(2*hP*cL^2/(S44*0.000000001)^5/(EXP(hP*cL/(S44*0.000000001*kB*$I$31:$I$101))-1),$G$31:$G$101,$H$31:$H$101) -> 24456.727 | U44: =(S45-S43)/2*0.000000001 -> 3.633e-09 | V44: =PI()*2*hP*cL^2/(S44*0.000000001)^5/(EXP(hP*cL/(S44*0.000000001*kB*$B$6))-1) -> 0.50201016
E45: =INDEX(Data!$A$4:$A$74,15) -> 0.0069745405 | F45: =INDEX(Data!$B$4:$B$74,15) -> 0.58560165 | G45: =INDEX(Data!$C$4:$C$74,15) -> 0.96239498 | H45: =(E46-E44)/2 -> 0.001045913 | I45: =$B$6*(0.75*(E45+F45))^0.25 -> 4712.7856 | J45: =$B$6*(0.75*(E45+2/3))^0.25 -> 4866.2991 | K45: =2*hP*cL^2/($B$7*0.000000001)^5/(EXP(hP*cL/($B$7*0.000000001*kB*I45))-1) -> 8.517501e+12 | S45: 54.476 | T45: =2*PI()*SUMPRODUCT(2*hP*cL^2/(S45*0.000000001)^5/(EXP(hP*cL/(S45*0.000000001*kB*$I$31:$I$101))-1),$G$31:$G$101,$H$31:$H$101) -> 156629.38 | U45: =(S46-S44)/2*0.000000001 -> 3.9025e-09 | V45: =PI()*2*hP*cL^2/(S45*0.000000001)^5/(EXP(hP*cL/(S45*0.000000001*kB*$B$6))-1) -> 10.467393
E46: =INDEX(Data!$A$4:$A$74,16) -> 0.0080984408 | F46: =INDEX(Data!$B$4:$B$74,16) -> 0.5866021 | G46: =INDEX(Data!$C$4:$C$74,16) -> 0.95754059 | H46: =(E47-E45)/2 -> 0.0012144549 | I46: =$B$6*(0.75*(E46+F46))^0.25 -> 4717.0038 | J46: =$B$6*(0.75*(E46+2/3))^0.25 -> 4868.3276 | K46: =2*hP*cL^2/($B$7*0.000000001)^5/(EXP(hP*cL/($B$7*0.000000001*kB*I46))-1) -> 8.5642391e+12 | S46: 58.518 | T46: =2*PI()*SUMPRODUCT(2*hP*cL^2/(S46*0.000000001)^5/(EXP(hP*cL/(S46*0.000000001*kB*$I$31:$I$101))-1),$G$31:$G$101,$H$31:$H$101) -> 887521.14 | U46: =(S47-S45)/2*0.000000001 -> 4.1915e-09 | V46: =PI()*2*hP*cL^2/(S46*0.000000001)^5/(EXP(hP*cL/(S46*0.000000001*kB*$B$6))-1) -> 172.60202
E47: =INDEX(Data!$A$4:$A$74,17) -> 0.0094034502 | F47: =INDEX(Data!$B$4:$B$74,17) -> 0.58771192 | G47: =INDEX(Data!$C$4:$C$74,17) -> 0.95209735 | H47: =(E48-E46)/2 -> 0.0014101561 | I47: =$B$6*(0.75*(E47+F47))^0.25 -> 4721.7849 | J47: =$B$6*(0.75*(E47+2/3))^0.25 -> 4870.6797 | K47: =2*hP*cL^2/($B$7*0.000000001)^5/(EXP(hP*cL/($B$7*0.000000001*kB*I47))-1) -> 8.6174248e+12 | S47: 62.859 | T47: =2*PI()*SUMPRODUCT(2*hP*cL^2/(S47*0.000000001)^5/(EXP(hP*cL/(S47*0.000000001*kB*$I$31:$I$101))-1),$G$31:$G$101,$H$31:$H$101) -> 4478844.8 | U47: =(S48-S46)/2*0.000000001 -> 4.5025e-09 | V47: =PI()*2*hP*cL^2/(S47*0.000000001)^5/(EXP(hP*cL/(S47*0.000000001*kB*$B$6))-1) -> 2286.7814
E48: =INDEX(Data!$A$4:$A$74,18) -> 0.010918753 | F48: =INDEX(Data!$B$4:$B$74,18) -> 0.58894089 | G48: =INDEX(Data!$C$4:$C$74,18) -> 0.94600123 | H48: =(E49-E47)/2 -> 0.0016373933 | I48: =$B$6*(0.75*(E48+F48))^0.25 -> 4727.2008 | J48: =$B$6*(0.75*(E48+2/3))^0.25 -> 4873.4066 | K48: =2*hP*cL^2/($B$7*0.000000001)^5/(EXP(hP*cL/($B$7*0.000000001*kB*I48))-1) -> 8.6779401e+12 | S48: 67.523 | T48: =2*PI()*SUMPRODUCT(2*hP*cL^2/(S48*0.000000001)^5/(EXP(hP*cL/(S48*0.000000001*kB*$I$31:$I$101))-1),$G$31:$G$101,$H$31:$H$101) -> 20272038 | U48: =(S49-S47)/2*0.000000001 -> 4.837e-09 | V48: =PI()*2*hP*cL^2/(S48*0.000000001)^5/(EXP(hP*cL/(S48*0.000000001*kB*$B$6))-1) -> 24738.621
E49: =INDEX(Data!$A$4:$A$74,19) -> 0.012678237 | F49: =INDEX(Data!$B$4:$B$74,19) -> 0.59029932 | G49: =INDEX(Data!$C$4:$C$74,19) -> 0.93918277 | H49: =(E50-E48)/2 -> 0.0019012482 | I49: =$B$6*(0.75*(E49+F49))^0.25 -> 4733.3315 | J49: =$B$6*(0.75*(E49+2/3))^0.25 -> 4876.5673 | K49: =2*hP*cL^2/($B$7*0.000000001)^5/(EXP(hP*cL/($B$7*0.000000001*kB*I49))-1) -> 8.7467879e+12 | S49: 72.533 | T49: =2*PI()*SUMPRODUCT(2*hP*cL^2/(S49*0.000000001)^5/(EXP(hP*cL/(S49*0.000000001*kB*$I$31:$I$101))-1),$G$31:$G$101,$H$31:$H$101) -> 82764227 | U49: =(S50-S48)/2*0.000000001 -> 5.196e-09 | V49: =PI()*2*hP*cL^2/(S49*0.000000001)^5/(EXP(hP*cL/(S49*0.000000001*kB*$B$6))-1) -> 221487.38
E50: =INDEX(Data!$A$4:$A$74,20) -> 0.01472125 | F50: =INDEX(Data!$B$4:$B$74,20) -> 0.59179786 | G50: =INDEX(Data!$C$4:$C$74,20) -> 0.93156694 | H50: =(E51-E49)/2 -> 0.0022076216 | I50: =$B$6*(0.75*(E50+F50))^0.25 -> 4740.2665 | J50: =$B$6*(0.75*(E50+2/3))^0.25 -> 4880.2295 | K50: =2*hP*cL^2/($B$7*0.000000001)^5/(EXP(hP*cL/($B$7*0.000000001*kB*I50))-1) -> 8.8251103e+12 | S50: 77.915 | T50: =2*PI()*SUMPRODUCT(2*hP*cL^2/(S50*0.000000001)^5/(EXP(hP*cL/(S50*0.000000001*kB*$I$31:$I$101))-1),$G$31:$G$101,$H$31:$H$101) -> 3.0655739e+08 | U50: =(S51-S49)/2*0.000000001 -> 5.5815e-09 | V50: =PI()*2*hP*cL^2/(S50*0.000000001)^5/(EXP(hP*cL/(S50*0.000000001*kB*$B$6))-1) -> 1662929.1
E51: =INDEX(Data!$A$4:$A$74,21) -> 0.01709348 | F51: =INDEX(Data!$B$4:$B$74,21) -> 0.59344753 | G51: =INDEX(Data!$C$4:$C$74,21) -> 0.9230731 | H51: =(E52-E50)/2 -> 0.002563365 | I51: =$B$6*(0.75*(E51+F51))^0.25 -> 4748.1054 | J51: =$B$6*(0.75*(E51+2/3))^0.25 -> 4884.4715 | K51: =2*hP*cL^2/($B$7*0.000000001)^5/(EXP(hP*cL/($B$7*0.000000001*kB*I51))-1) -> 8.9142077e+12 | S51: 83.696 | T51: =2*PI()*SUMPRODUCT(2*hP*cL^2/(S51*0.000000001)^5/(EXP(hP*cL/(S51*0.000000001*kB*$I$31:$I$101))-1),$G$31:$G$101,$H$31:$H$101) -> 1.0355721e+09 | U51: =(S52-S50)/2*0.000000001 -> 5.9955e-09 | V51: =PI()*2*hP*cL^2/(S51*0.000000001)^5/(EXP(hP*cL/(S51*0.000000001*kB*$B$6))-1) -> 10595963
E52: =INDEX(Data!$A$4:$A$74,22) -> 0.01984798 | F52: =INDEX(Data!$B$4:$B$74,22) -> 0.5952595 | G52: =INDEX(Data!$C$4:$C$74,22) -> 0.91361507 | H52: =(E53-E51)/2 -> 0.0029764341 | I52: =$B$6*(0.75*(E52+F52))^0.25 -> 4756.9588 | J52: =$B$6*(0.75*(E52+2/3))^0.25 -> 4889.3834 | K52: =2*hP*cL^2/($B$7*0.000000001)^5/(EXP(hP*cL/($B$7*0.000000001*kB*I52))-1) -> 9.0155629e+12 | S52: 89.906 | T52: =2*PI()*SUMPRODUCT(2*hP*cL^2/(S52*0.000000001)^5/(EXP(hP*cL/(S52*0.000000001*kB*$I$31:$I$101))-1),$G$31:$G$101,$H$31:$H$101) -> 3.2069421e+09 | U52: =(S53-S51)/2*0.000000001 -> 6.4405e-09 | V52: =PI()*2*hP*cL^2/(S52*0.000000001)^5/(EXP(hP*cL/(S52*0.000000001*kB*$B$6))-1) -> 57959977
E53: =INDEX(Data!$A$4:$A$74,23) -> 0.023046348 | F53: =INDEX(Data!$B$4:$B$74,23) -> 0.59724502 | G53: =INDEX(Data!$C$4:$C$74,23) -> 0.90310137 | H53: =(E54-E52)/2 -> 0.0034560665 | I53: =$B$6*(0.75*(E53+F53))^0.25 -> 4766.9497 | J53: =$B$6*(0.75*(E53+2/3))^0.25 -> 4895.0682 | K53: =2*hP*cL^2/($B$7*0.000000001)^5/(EXP(hP*cL/($B$7*0.000000001*kB*I53))-1) -> 9.1308676e+12 | S53: 96.577 | T53: =2*PI()*SUMPRODUCT(2*hP*cL^2/(S53*0.000000001)^5/(EXP(hP*cL/(S53*0.000000001*kB*$I$31:$I$101))-1),$G$31:$G$101,$H$31:$H$101) -> 9.1480982e+09 | U53: =(S54-S52)/2*0.000000001 -> 6.9185e-09 | V53: =PI()*2*hP*cL^2/(S53*0.000000001)^5/(EXP(hP*cL/(S53*0.000000001*kB*$B$6))-1) -> 2.7506066e+08
E54: =INDEX(Data!$A$4:$A$74,24) -> 0.026760113 | F54: =INDEX(Data!$B$4:$B$74,24) -> 0.59941516 | G54: =INDEX(Data!$C$4:$C$74,24) -> 0.89143562 | H54: =(E55-E53)/2 -> 0.0040129884 | I54: =$B$6*(0.75*(E54+F54))^0.25 -> 4778.2142 | J54: =$B$6*(0.75*(E54+2/3))^0.25 -> 4901.6443 | K54: =2*hP*cL^2/($B$7*0.000000001)^5/(EXP(hP*cL/($B$7*0.000000001*kB*I54))-1) -> 9.262054e+12 | S54: 103.743 | T54: =2*PI()*SUMPRODUCT(2*hP*cL^2/(S54*0.000000001)^5/(EXP(hP*cL/(S54*0.000000001*kB*$I$31:$I$101))-1),$G$31:$G$101,$H$31:$H$101) -> 2.4145781e+10 | U54: =(S55-S53)/2*0.000000001 -> 7.4315e-09 | V54: =PI()*2*hP*cL^2/(S54*0.000000001)^5/(EXP(hP*cL/(S54*0.000000001*kB*$B$6))-1) -> 1.1436125e+09
E55: =INDEX(Data!$A$4:$A$74,25) -> 0.031072325 | F55: =INDEX(Data!$B$4:$B$74,25) -> 0.60178065 | G55: =INDEX(Data!$C$4:$C$74,25) -> 0.87851721 | H55: =(E56-E54)/2 -> 0.0046596545 | I55: =$B$6*(0.75*(E55+F55))^0.25 -> 4790.9026 | J55: =$B$6*(0.75*(E55+2/3))^0.25 -> 4909.247 | K55: =2*hP*cL^2/($B$7*0.000000001)^5/(EXP(hP*cL/($B$7*0.000000001*kB*I55))-1) -> 9.4113314e+12 | S55: 111.44 | T55: =2*PI()*SUMPRODUCT(2*hP*cL^2/(S55*0.000000001)^5/(EXP(hP*cL/(S55*0.000000001*kB*$I$31:$I$101))-1),$G$31:$G$101,$H$31:$H$101) -> 5.921511e+10 | U55: =(S56-S54)/2*0.000000001 -> 7.9825e-09 | V55: =PI()*2*hP*cL^2/(S55*0.000000001)^5/(EXP(hP*cL/(S55*0.000000001*kB*$B$6))-1) -> 4.2033746e+09
E56: =INDEX(Data!$A$4:$A$74,26) -> 0.036079422 | F56: =INDEX(Data!$B$4:$B$74,26) -> 0.60435157 | G56: =INDEX(Data!$C$4:$C$74,26) -> 0.8642422 | H56: =(E57-E55)/2 -> 0.0054105266 | I56: =$B$6*(0.75*(E56+F56))^0.25 -> 4805.1807 | J56: =$B$6*(0.75*(E56+2/3))^0.25 -> 4918.0308 | K56: =2*hP*cL^2/($B$7*0.000000001)^5/(EXP(hP*cL/($B$7*0.000000001*kB*I56))-1) -> 9.5812293e+12 | S56: 119.708 | T56: =2*PI()*SUMPRODUCT(2*hP*cL^2/(S56*0.000000001)^5/(EXP(hP*cL/(S56*0.000000001*kB*$I$31:$I$101))-1),$G$31:$G$101,$H$31:$H$101) -> 1.3548044e+11 | U56: =(S57-S55)/2*0.000000001 -> 8.575e-09 | V56: =PI()*2*hP*cL^2/(S56*0.000000001)^5/(EXP(hP*cL/(S56*0.000000001*kB*$B$6))-1) -> 1.3776339e+10
E57: =INDEX(Data!$A$4:$A$74,27) -> 0.041893378 | F57: =INDEX(Data!$B$4:$B$74,27) -> 0.60713703 | G57: =INDEX(Data!$C$4:$C$74,27) -> 0.84850461 | H57: =(E58-E56)/2 -> 0.0062823966 | I57: =$B$6*(0.75*(E57+F57))^0.25 -> 4821.2305 | J57: =$B$6*(0.75*(E57+2/3))^0.25 -> 4928.1714 | K57: =2*hP*cL^2/($B$7*0.000000001)^5/(EXP(hP*cL/($B$7*0.000000001*kB*I57))-1) -> 9.7746473e+12 | S57: 128.59 | T57: =2*PI()*SUMPRODUCT(2*hP*cL^2/(S57*0.000000001)^5/(EXP(hP*cL/(S57*0.000000001*kB*$I$31:$I$101))-1),$G$31:$G$101,$H$31:$H$101) -> 2.9028669e+11 | U57: =(S58-S56)/2*0.000000001 -> 9.2115e-09 | V57: =PI()*2*hP*cL^2/(S57*0.000000001)^5/(EXP(hP*cL/(S57*0.000000001*kB*$B$6))-1) -> 4.058417e+10
E58: =INDEX(Data!$A$4:$A$74,28) -> 0.048644215 | F58: =INDEX(Data!$B$4:$B$74,28) -> 0.61014323 | G58: =INDEX(Data!$C$4:$C$74,28) -> 0.83119809 | H58: =(E59-E57)/2 -> 0.0072947626 | I58: =$B$6*(0.75*(E58+F58))^0.25 -> 4839.249 | J58: =$B$6*(0.75*(E58+2/3))^0.25 -> 4939.868 | K58: =2*hP*cL^2/($B$7*0.000000001)^5/(EXP(hP*cL/($B$7*0.000000001*kB*I58))-1) -> 9.994878e+12 | S58: 138.131 | T58: =2*PI()*SUMPRODUCT(2*hP*cL^2/(S58*0.000000001)^5/(EXP(hP*cL/(S58*0.000000001*kB*$I$31:$I$101))-1),$G$31:$G$101,$H$31:$H$101) -> 5.8450895e+11 | U58: =(S59-S57)/2*0.000000001 -> 9.895e-09 | V58: =PI()*2*hP*cL^2/(S58*0.000000001)^5/(EXP(hP*cL/(S58*0.000000001*kB*$B$6))-1) -> 1.0825132e+11
E59: =INDEX(Data!$A$4:$A$74,29) -> 0.056482903 | F59: =INDEX(Data!$B$4:$B$74,29) -> 0.61337726 | G59: =INDEX(Data!$C$4:$C$74,29) -> 0.81221809 | H59: =(E60-E58)/2 -> 0.0084702646 | I59: =$B$6*(0.75*(E59+F59))^0.25 -> 4859.4562 | J59: =$B$6*(0.75*(E59+2/3))^0.25 -> 4953.3461 | K59: =2*hP*cL^2/($B$7*0.000000001)^5/(EXP(hP*cL/($B$7*0.000000001*kB*I59))-1) -> 1.0245771e+13 | S59: 148.38 | T59: =2*PI()*SUMPRODUCT(2*hP*cL^2/(S59*0.000000001)^5/(EXP(hP*cL/(S59*0.000000001*kB*$I$31:$I$101))-1),$G$31:$G$101,$H$31:$H$101) -> 1.1097038e+12 | U59: =(S60-S58)/2*0.000000001 -> 1.0629e-08 | V59: =PI()*2*hP*cL^2/(S59*0.000000001)^5/(EXP(hP*cL/(S59*0.000000001*kB*$B$6))-1) -> 2.6323737e+11
E60: =INDEX(Data!$A$4:$A$74,30) -> 0.065584744 | F60: =INDEX(Data!$B$4:$B$74,30) -> 0.61684299 | G60: =INDEX(Data!$C$4:$C$74,30) -> 0.7914645 | H60: =(E61-E59)/2 -> 0.0098351909 | I60: =$B$6*(0.75*(E60+F60))^0.25 -> 4882.0903 | J60: =$B$6*(0.75*(E60+2/3))^0.25 -> 4968.8592 | K60: =2*hP*cL^2/($B$7*0.000000001)^5/(EXP(hP*cL/($B$7*0.000000001*kB*I60))-1) -> 1.0531734e+13 | S60: 159.389 | T60: =2*PI()*SUMPRODUCT(2*hP*cL^2/(S60*0.000000001)^5/(EXP(hP*cL/(S60*0.000000001*kB*$I$31:$I$101))-1),$G$31:$G$101,$H$31:$H$101) -> 1.9925415e+12 | U60: =(S61-S59)/2*0.000000001 -> 1.1418e-08 | V60: =PI()*2*hP*cL^2/(S60*0.000000001)^5/(EXP(hP*cL/(S60*0.000000001*kB*$B$6))-1) -> 5.8729641e+11
E61: =INDEX(Data!$A$4:$A$74,31) -> 0.076153285 | F61: =INDEX(Data!$B$4:$B$74,31) -> 0.62054144 | G61: =INDEX(Data!$C$4:$C$74,31) -> 0.76884502 | H61: =(E62-E60)/2 -> 0.011420066 | I61: =$B$6*(0.75*(E61+F61))^0.25 -> 4907.4091 | J61: =$B$6*(0.75*(E61+2/3))^0.25 -> 4986.6918 | K61: =2*hP*cL^2/($B$7*0.000000001)^5/(EXP(hP*cL/($B$7*0.000000001*kB*I61))-1) -> 1.0857845e+13 | S61: 171.216 | T61: =2*PI()*SUMPRODUCT(2*hP*cL^2/(S61*0.000000001)^5/(EXP(hP*cL/(S61*0.000000001*kB*$I$31:$I$101))-1),$G$31:$G$101,$H$31:$H$101) -> 3.3937812e+12 | U61: =(S62-S60)/2*0.000000001 -> 1.2265e-08 | V61: =PI()*2*hP*cL^2/(S61*0.000000001)^5/(EXP(hP*cL/(S61*0.000000001*kB*$B$6))-1) -> 1.2094559e+12
E62: =INDEX(Data!$A$4:$A$74,32) -> 0.088424876 | F62: =INDEX(Data!$B$4:$B$74,32) -> 0.62447035 | G62: =INDEX(Data!$C$4:$C$74,32) -> 0.7442791 | H62: =(E63-E61)/2 -> 0.013260333 | I62: =$B$6*(0.75*(E62+F62))^0.25 -> 4935.6922 | J62: =$B$6*(0.75*(E62+2/3))^0.25 -> 5007.1608 | K62: =2*hP*cL^2/($B$7*0.000000001)^5/(EXP(hP*cL/($B$7*0.000000001*kB*I62))-1) -> 1.1229968e+13 | S62: 183.919 | T62: =2*PI()*SUMPRODUCT(2*hP*cL^2/(S62*0.000000001)^5/(EXP(hP*cL/(S62*0.000000001*kB*$I$31:$I$101))-1),$G$31:$G$101,$H$31:$H$101) -> 5.4975134e+12 | U62: =(S63-S61)/2*0.000000001 -> 1.31745e-08 | V62: =PI()*2*hP*cL^2/(S62*0.000000001)^5/(EXP(hP*cL/(S62*0.000000001*kB*$B$6))-1) -> 2.3114407e+12
E63: =INDEX(Data!$A$4:$A$74,33) -> 0.10267395 | F63: =INDEX(Data!$B$4:$B$74,33) -> 0.62862361 | G63: =INDEX(Data!$C$4:$C$74,33) -> 0.71770265 | H63: =(E64-E62)/2 -> 0.015397146 | I63: =$B$6*(0.75*(E63+F63))^0.25 -> 4967.2403 | J63: =$B$6*(0.75*(E63+2/3))^0.25 -> 5030.6176 | K63: =2*hP*cL^2/($B$7*0.000000001)^5/(EXP(hP*cL/($B$7*0.000000001*kB*I63))-1) -> 1.1654885e+13 | S63: 197.565 | T63: =2*PI()*SUMPRODUCT(2*hP*cL^2/(S63*0.000000001)^5/(EXP(hP*cL/(S63*0.000000001*kB*$I$31:$I$101))-1),$G$31:$G$101,$H$31:$H$101) -> 8.4917456e+12 | U63: =(S64-S62)/2*0.000000001 -> 1.41525e-08 | V63: =PI()*2*hP*cL^2/(S63*0.000000001)^5/(EXP(hP*cL/(S63*0.000000001*kB*$B$6))-1) -> 4.1211878e+12
E64: =INDEX(Data!$A$4:$A$74,34) -> 0.11921917 | F64: =INDEX(Data!$B$4:$B$74,34) -> 0.63299066 | G64: =INDEX(Data!$C$4:$C$74,34) -> 0.68907351 | H64: =(E65-E63)/2 -> 0.017878293 | I64: =$B$6*(0.75*(E64+F64))^0.25 -> 5002.3767 | J64: =$B$6*(0.75*(E64+2/3))^0.25 -> 5057.4489 | K64: =2*hP*cL^2/($B$7*0.000000001)^5/(EXP(hP*cL/($B$7*0.000000001*kB*I64))-1) -> 1.2140446e+13 | S64: 212.224 | T64: =2*PI()*SUMPRODUCT(2*hP*cL^2/(S64*0.000000001)^5/(EXP(hP*cL/(S64*0.000000001*kB*$I$31:$I$101))-1),$G$31:$G$101,$H$31:$H$101) -> 1.2537583e+13 | U64: =(S65-S63)/2*0.000000001 -> 1.52025e-08 | V64: =PI()*2*hP*cL^2/(S64*0.000000001)^5/(EXP(hP*cL/(S64*0.000000001*kB*$B$6))-1) -> 6.8879383e+12
E65: =INDEX(Data!$A$4:$A$74,35) -> 0.13843054 | F65: =INDEX(Data!$B$4:$B$74,35) -> 0.63755596 | G65: =INDEX(Data!$C$4:$C$74,35) -> 0.6583776 | H65: =(E66-E64)/2 -> 0.02075926 | I65: =$B$6*(0.75*(E65+F65))^0.25 -> 5041.4467 | J65: =$B$6*(0.75*(E65+2/3))^0.25 -> 5088.0775 | K65: =2*hP*cL^2/($B$7*0.000000001)^5/(EXP(hP*cL/($B$7*0.000000001*kB*I65))-1) -> 1.269575e+13 | S65: 227.97 | T65: =2*PI()*SUMPRODUCT(2*hP*cL^2/(S65*0.000000001)^5/(EXP(hP*cL/(S65*0.000000001*kB*$I$31:$I$101))-1),$G$31:$G$101,$H$31:$H$101) -> 1.7733173e+13 | U65: =(S66-S64)/2*0.000000001 -> 1.63305e-08 | V65: =PI()*2*hP*cL^2/(S65*0.000000001)^5/(EXP(hP*cL/(S65*0.000000001*kB*$B$6))-1) -> 1.0839455e+13
E66: =INDEX(Data!$A$4:$A$74,36) -> 0.16073769 | F66: =INDEX(Data!$B$4:$B$74,36) -> 0.64229843 | G66: =INDEX(Data!$C$4:$C$74,36) -> 0.62563582 | H66: =(E67-E65)/2 -> 0.024104475 | I66: =$B$6*(0.75*(E66+F66))^0.25 -> 5084.8179 | J66: =$B$6*(0.75*(E66+2/3))^0.25 -> 5122.9615 | K66: =2*hP*cL^2/($B$7*0.000000001)^5/(EXP(hP*cL/($B$7*0.000000001*kB*I66))-1) -> 1.3331351e+13 | S66: 244.885 | T66: =2*PI()*SUMPRODUCT(2*hP*cL^2/(S66*0.000000001)^5/(EXP(hP*cL/(S66*0.000000001*kB*$I$31:$I$101))-1),$G$31:$G$101,$H$31:$H$101) -> 2.4080108e+13 | U66: =(S67-S65)/2*0.000000001 -> 1.75425e-08 | V66: =PI()*2*hP*cL^2/(S66*0.000000001)^5/(EXP(hP*cL/(S66*0.000000001*kB*$B$6))-1) -> 1.6128764e+13
E67: =INDEX(Data!$A$4:$A$74,37) -> 0.18663949 | F67: =INDEX(Data!$B$4:$B$74,37) -> 0.64719106 | G67: =INDEX(Data!$C$4:$C$74,37) -> 0.59091135 | H67: =(E68-E66)/2 -> 0.02798875 | I67: =$B$6*(0.75*(E67+F67))^0.25 -> 5132.8797 | J67: =$B$6*(0.75*(E67+2/3))^0.25 -> 5162.5926 | K67: =2*hP*cL^2/($B$7*0.000000001)^5/(EXP(hP*cL/($B$7*0.000000001*kB*I67))-1) -> 1.4059495e+13 | S67: 263.055 | T67: =2*PI()*SUMPRODUCT(2*hP*cL^2/(S67*0.000000001)^5/(EXP(hP*cL/(S67*0.000000001*kB*$I$31:$I$101))-1),$G$31:$G$101,$H$31:$H$101) -> 3.1456452e+13 | U67: =(S68-S66)/2*0.000000001 -> 1.8844e-08 | V67: =PI()*2*hP*cL^2/(S67*0.000000001)^5/(EXP(hP*cL/(S67*0.000000001*kB*$B$6))-1) -> 2.2779584e+13
E68: =INDEX(Data!$A$4:$A$74,38) -> 0.21671519 | F68: =INDEX(Data!$B$4:$B$74,38) -> 0.65220061 | G68: =INDEX(Data!$C$4:$C$74,38) -> 0.55431734 | H68: =(E69-E67)/2 -> 0.032498949 | I68: =$B$6*(0.75*(E68+F68))^0.25 -> 5186.0424 | J68: =$B$6*(0.75*(E68+2/3))^0.25 -> 5207.4937 | K68: =2*hP*cL^2/($B$7*0.000000001)^5/(EXP(hP*cL/($B$7*0.000000001*kB*I68))-1) -> 1.4894397e+13 | S68: 282.573 | T68: =2*PI()*SUMPRODUCT(2*hP*cL^2/(S68*0.000000001)^5/(EXP(hP*cL/(S68*0.000000001*kB*$I$31:$I$101))-1),$G$31:$G$101,$H$31:$H$101) -> 3.9608524e+13 | U68: =(S69-S67)/2*0.000000001 -> 2.02415e-08 | V68: =PI()*2*hP*cL^2/(S68*0.000000001)^5/(EXP(hP*cL/(S68*0.000000001*kB*$B$6))-1) -> 3.0648696e+13
E69: =INDEX(Data!$A$4:$A$74,39) -> 0.25163739 | F69: =INDEX(Data!$B$4:$B$74,39) -> 0.65728754 | G69: =INDEX(Data!$C$4:$C$74,39) -> 0.5160244 | H69: =(E70-E68)/2 -> 0.037735936 | I69: =$B$6*(0.75*(E69+F69))^0.25 -> 5244.7361 | J69: =$B$6*(0.75*(E69+2/3))^0.25 -> 5258.2141 | K69: =2*hP*cL^2/($B$7*0.000000001)^5/(EXP(hP*cL/($B$7*0.000000001*kB*I69))-1) -> 1.5852549e+13 | S69: 303.538 | T69: =2*PI()*SUMPRODUCT(2*hP*cL^2/(S69*0.000000001)^5/(EXP(hP*cL/(S69*0.000000001*kB*$I$31:$I$101))-1),$G$31:$G$101,$H$31:$H$101) -> 4.8162363e+13 | U69: =(S70-S68)/2*0.000000001 -> 2.17435e-08 | V69: =PI()*2*hP*cL^2/(S69*0.000000001)^5/(EXP(hP*cL/(S69*0.000000001*kB*$B$6))-1) -> 3.9414998e+13
E70: =INDEX(Data!$A$4:$A$74,40) -> 0.29218706 | F70: =INDEX(Data!$B$4:$B$74,40) -> 0.66240613 | G70: =INDEX(Data!$C$4:$C$74,40) -> 0.47626745 | H70: =(E71-E69)/2 -> 0.043816829 | I70: =$B$6*(0.75*(E70+F70))^0.25 -> 5309.4095 | J70: =$B$6*(0.75*(E70+2/3))^0.25 -> 5315.3238 | K70: =2*hP*cL^2/($B$7*0.000000001)^5/(EXP(hP*cL/($B$7*0.000000001*kB*I70))-1) -> 1.6953071e+13 | S70: 326.06 | T70: =2*PI()*SUMPRODUCT(2*hP*cL^2/(S70*0.000000001)^5/(EXP(hP*cL/(S70*0.000000001*kB*$I$31:$I$101))-1),$G$31:$G$101,$H$31:$H$101) -> 5.6658382e+13 | U70: =(S71-S69)/2*0.000000001 -> 2.33575e-08 | V70: =PI()*2*hP*cL^2/(S70*0.000000001)^5/(EXP(hP*cL/(S70*0.000000001*kB*$B$6))-1) -> 4.8604504e+13
E71: =INDEX(Data!$A$4:$A$74,41) -> 0.33927104 | F71: =INDEX(Data!$B$4:$B$74,41) -> 0.66750502 | G71: =INDEX(Data!$C$4:$C$74,41) -> 0.4353513 | H71: =(E72-E70)/2 -> 0.050877617 | I71: =$B$6*(0.75*(E71+F71))^0.25 -> 5380.5275 | J71: =$B$6*(0.75*(E71+2/3))^0.25 -> 5379.4071 | K71: =2*hP*cL^2/($B$7*0.000000001)^5/(EXP(hP*cL/($B$7*0.000000001*kB*I71))-1) -> 1.8218099e+13 | S71: 350.253 | T71: =2*PI()*SUMPRODUCT(2*hP*cL^2/(S71*0.000000001)^5/(EXP(hP*cL/(S71*0.000000001*kB*$I$31:$I$101))-1),$G$31:$G$101,$H$31:$H$101) -> 6.4597155e+13 | U71: =(S72-S70)/2*0.000000001 -> 2.509e-08 | V71: =PI()*2*hP*cL^2/(S71*0.000000001)^5/(EXP(hP*cL/(S71*0.000000001*kB*$B$6))-1) -> 57640793448060
E72: =INDEX(Data!$A$4:$A$74,42) -> 0.3939423 | F72: =INDEX(Data!$B$4:$B$74,42) -> 0.67252627 | G72: =INDEX(Data!$C$4:$C$74,42) -> 0.39365378 | H72: =(E73-E71)/2 -> 0.059076203 | I72: =$B$6*(0.75*(E72+F72))^0.25 -> 5458.5671 | J72: =$B$6*(0.75*(E72+2/3))^0.25 -> 5451.0537 | K72: =2*hP*cL^2/($B$7*0.000000001)^5/(EXP(hP*cL/($B$7*0.000000001*kB*I72))-1) -> 1.9673164e+13 | S72: 376.24 | T72: =2*PI()*SUMPRODUCT(2*hP*cL^2/(S72*0.000000001)^5/(EXP(hP*cL/(S72*0.000000001*kB*$I$31:$I$101))-1),$G$31:$G$101,$H$31:$H$101) -> 7.1497913e+13 | U72: =(S73-S71)/2*0.000000001 -> 2.69515e-08 | V72: =PI()*2*hP*cL^2/(S72*0.000000001)^5/(EXP(hP*cL/(S72*0.000000001*kB*$B$6))-1) -> 6.5920446e+13
E73: =INDEX(Data!$A$4:$A$74,43) -> 0.45742345 | F73: =INDEX(Data!$B$4:$B$74,43) -> 0.6774072 | G73: =INDEX(Data!$C$4:$C$74,43) -> 0.35162568 | H73: =(E74-E72)/2 -> 0.068595937 | I73: =$B$6*(0.75*(E73+F73))^0.25 -> 5544.0151 | J73: =$B$6*(0.75*(E73+2/3))^0.25 -> 5530.8505 | K73: =2*hP*cL^2/($B$7*0.000000001)^5/(EXP(hP*cL/($B$7*0.000000001*kB*I73))-1) -> 2.1347663e+13 | S73: 404.156 | T73: =2*PI()*SUMPRODUCT(2*hP*cL^2/(S73*0.000000001)^5/(EXP(hP*cL/(S73*0.000000001*kB*$I$31:$I$101))-1),$G$31:$G$101,$H$31:$H$101) -> 7.6952984e+13 | U73: =(S74-S72)/2*0.000000001 -> 2.89515e-08 | V73: =PI()*2*hP*cL^2/(S73*0.000000001)^5/(EXP(hP*cL/(S73*0.000000001*kB*$B$6))-1) -> 7.2891541e+13
E74: =INDEX(Data!$A$4:$A$74,44) -> 0.53113417 | F74: =INDEX(Data!$B$4:$B$74,44) -> 0.6820911 | G74: =INDEX(Data!$C$4:$C$74,44) -> 0.309786 | H74: =(E75-E73)/2 -> 0.079649712 | I74: =$B$6*(0.75*(E74+F74))^0.25 -> 5637.376 | J74: =$B$6*(0.75*(E74+2/3))^0.25 -> 5619.3721 | K74: =2*hP*cL^2/($B$7*0.000000001)^5/(EXP(hP*cL/($B$7*0.000000001*kB*I74))-1) -> 23275546521874 | S74: 434.143 | T74: =2*PI()*SUMPRODUCT(2*hP*cL^2/(S74*0.000000001)^5/(EXP(hP*cL/(S74*0.000000001*kB*$I$31:$I$101))-1),$G$31:$G$101,$H$31:$H$101) -> 8.0668893e+13 | U74: =(S75-S73)/2*0.000000001 -> 3.10995e-08 | V74: =PI()*2*hP*cL^2/(S74*0.000000001)^5/(EXP(hP*cL/(S74*0.000000001*kB*$B$6))-1) -> 7.8118923e+13
E75: =INDEX(Data!$A$4:$A$74,45) -> 0.61672288 | F75: =INDEX(Data!$B$4:$B$74,45) -> 0.6865177 | G75: =INDEX(Data!$C$4:$C$74,45) -> 0.26871143 | H75: =(E76-E74)/2 -> 0.092484728 | I75: =$B$6*(0.75*(E75+F75))^0.25 -> 5739.1528 | J75: =$B$6*(0.75*(E75+2/3))^0.25 -> 5717.1721 | K75: =2*hP*cL^2/($B$7*0.000000001)^5/(EXP(hP*cL/($B$7*0.000000001*kB*I75))-1) -> 2.5495518e+13 | S75: 466.355 | T75: =2*PI()*SUMPRODUCT(2*hP*cL^2/(S75*0.000000001)^5/(EXP(hP*cL/(S75*0.000000001*kB*$I$31:$I$101))-1),$G$31:$G$101,$H$31:$H$101) -> 8.2492443e+13 | U75: =(S76-S74)/2*0.000000001 -> 3.3407e-08 | V75: =PI()*2*hP*cL^2/(S75*0.000000001)^5/(EXP(hP*cL/(S75*0.000000001*kB*$B$6))-1) -> 8.1330337e+13
E76: =INDEX(Data!$A$4:$A$74,46) -> 0.71610363 | F76: =INDEX(Data!$B$4:$B$74,46) -> 0.69063017 | G76: =INDEX(Data!$C$4:$C$74,46) -> 0.22901888 | H76: =(E77-E75)/2 -> 0.10738802 | I76: =$B$6*(0.75*(E76+F76))^0.25 -> 5849.8485 | J76: =$B$6*(0.75*(E76+2/3))^0.25 -> 5824.7749 | K76: =2*hP*cL^2/($B$7*0.000000001)^5/(EXP(hP*cL/($B$7*0.000000001*kB*I76))-1) -> 2.8051605e+13 | S76: 500.957 | T76: =2*PI()*SUMPRODUCT(2*hP*cL^2/(S76*0.000000001)^5/(EXP(hP*cL/(S76*0.000000001*kB*$I$31:$I$101))-1),$G$31:$G$101,$H$31:$H$101) -> 8.2415431e+13 | U76: =(S77-S75)/2*0.000000001 -> 3.58855e-08 | V76: =PI()*2*hP*cL^2/(S76*0.000000001)^5/(EXP(hP*cL/(S76*0.000000001*kB*$B$6))-1) -> 8.243318e+13
E77: =INDEX(Data!$A$4:$A$74,47) -> 0.83149892 | F77: =INDEX(Data!$B$4:$B$74,47) -> 0.69437823 | G77: =INDEX(Data!$C$4:$C$74,47) -> 0.19134045 | H77: =(E78-E76)/2 -> 0.12469288 | I77: =$B$6*(0.75*(E77+F77))^0.25 -> 5969.9615 | J77: =$B$6*(0.75*(E77+2/3))^0.25 -> 5942.6697 | K77: =2*hP*cL^2/($B$7*0.000000001)^5/(EXP(hP*cL/($B$7*0.000000001*kB*I77))-1) -> 3.0993589e+13 | S77: 538.126 | T77: =2*PI()*SUMPRODUCT(2*hP*cL^2/(S77*0.000000001)^5/(EXP(hP*cL/(S77*0.000000001*kB*$I$31:$I$101))-1),$G$31:$G$101,$H$31:$H$101) -> 8.0561616e+13 | U77: =(S78-S76)/2*0.000000001 -> 3.8548e-08 | V77: =PI()*2*hP*cL^2/(S77*0.000000001)^5/(EXP(hP*cL/(S77*0.000000001*kB*$B$6))-1) -> 8.1505286e+13
E78: =INDEX(Data!$A$4:$A$74,48) -> 0.96548938 | F78: =INDEX(Data!$B$4:$B$74,48) -> 0.69772129 | G78: =INDEX(Data!$C$4:$C$74,48) -> 0.1562908 | H78: =(E79-E77)/2 -> 0.1447863 | I78: =$B$6*(0.75*(E78+F78))^0.25 -> 6099.9806 | J78: =$B$6*(0.75*(E78+2/3))^0.25 -> 6071.3051 | K78: =2*hP*cL^2/($B$7*0.000000001)^5/(EXP(hP*cL/($B$7*0.000000001*kB*I78))-1) -> 34377371907662 | S78: 578.053 | T78: =2*PI()*SUMPRODUCT(2*hP*cL^2/(S78*0.000000001)^5/(EXP(hP*cL/(S78*0.000000001*kB*$I$31:$I$101))-1),$G$31:$G$101,$H$31:$H$101) -> 7.7159766e+13 | U78: =(S79-S77)/2*0.000000001 -> 4.14085e-08 | V78: =PI()*2*hP*cL^2/(S78*0.000000001)^5/(EXP(hP*cL/(S78*0.000000001*kB*$B$6))-1) -> 7.8764859e+13
E79: =INDEX(Data!$A$4:$A$74,49) -> 1.1210715 | F79: =INDEX(Data!$B$4:$B$74,49) -> 0.70063151 | G79: =INDEX(Data!$C$4:$C$74,49) -> 0.12442827 | H79: =(E80-E78)/2 -> 0.16811764 | I79: =$B$6*(0.75*(E79+F79))^0.25 -> 6240.38 | J79: =$B$6*(0.75*(E79+2/3))^0.25 -> 6211.0871 | K79: =2*hP*cL^2/($B$7*0.000000001)^5/(EXP(hP*cL/($B$7*0.000000001*kB*I79))-1) -> 3.8265231e+13 | S79: 620.943 | T79: =2*PI()*SUMPRODUCT(2*hP*cL^2/(S79*0.000000001)^5/(EXP(hP*cL/(S79*0.000000001*kB*$I$31:$I$101))-1),$G$31:$G$101,$H$31:$H$101) -> 7.2509074e+13 | U79: =(S80-S78)/2*0.000000001 -> 4.4481e-08 | V79: =PI()*2*hP*cL^2/(S79*0.000000001)^5/(EXP(hP*cL/(S79*0.000000001*kB*$B$6))-1) -> 7.4528199e+13
E80: =INDEX(Data!$A$4:$A$74,50) -> 1.3017247 | F80: =INDEX(Data!$B$4:$B$74,50) -> 0.70309628 | G80: =INDEX(Data!$C$4:$C$74,50) -> 0.096212252 | H80: =(E81-E79)/2 -> 0.19520867 | I80: =$B$6*(0.75*(E80+F80))^0.25 -> 6391.6139 | J80: =$B$6*(0.75*(E80+2/3))^0.25 -> 6362.3785 | K80: =2*hP*cL^2/($B$7*0.000000001)^5/(EXP(hP*cL/($B$7*0.000000001*kB*I80))-1) -> 4.2725948e+13 | S80: 667.015 | T80: =2*PI()*SUMPRODUCT(2*hP*cL^2/(S80*0.000000001)^5/(EXP(hP*cL/(S80*0.000000001*kB*$I$31:$I$101))-1),$G$31:$G$101,$H$31:$H$101) -> 6.6943118e+13 | U80: =(S81-S79)/2*0.000000001 -> 4.7781e-08 | V80: =PI()*2*hP*cL^2/(S80*0.000000001)^5/(EXP(hP*cL/(S80*0.000000001*kB*$B$6))-1) -> 6.9164156e+13
E81: =INDEX(Data!$A$4:$A$74,51) -> 1.5114889 | F81: =INDEX(Data!$B$4:$B$74,51) -> 0.70511978 | G81: =INDEX(Data!$C$4:$C$74,51) -> 0.071961431 | H81: =(E82-E80)/2 -> 0.22666524 | I81: =$B$6*(0.75*(E81+F81))^0.25 -> 6554.1125 | J81: =$B$6*(0.75*(E81+2/3))^0.25 -> 6525.501 | K81: =2*hP*cL^2/($B$7*0.000000001)^5/(EXP(hP*cL/($B$7*0.000000001*kB*I81))-1) -> 4.783477e+13 | S81: 716.505 | T81: =2*PI()*SUMPRODUCT(2*hP*cL^2/(S81*0.000000001)^5/(EXP(hP*cL/(S81*0.000000001*kB*$I$31:$I$101))-1),$G$31:$G$101,$H$31:$H$101) -> 6.0796768e+13 | U81: =(S82-S80)/2*0.000000001 -> 5.1326e-08 | V81: =PI()*2*hP*cL^2/(S81*0.000000001)^5/(EXP(hP*cL/(S81*0.000000001*kB*$B$6))-1) -> 6.305185e+13
E82: =INDEX(Data!$A$4:$A$74,52) -> 1.7550551 | F82: =INDEX(Data!$B$4:$B$74,52) -> 0.7067233 | G82: =INDEX(Data!$C$4:$C$74,52) -> 0.051818736 | H82: =(E83-E81)/2 -> 0.26319082 | I82: =$B$6*(0.75*(E82+F82))^0.25 -> 6728.2773 | J82: =$B$6*(0.75*(E82+2/3))^0.25 -> 6700.739 | K82: =2*hP*cL^2/($B$7*0.000000001)^5/(EXP(hP*cL/($B$7*0.000000001*kB*I82))-1) -> 5.3673188e+13 | S82: 769.667 | T82: =2*PI()*SUMPRODUCT(2*hP*cL^2/(S82*0.000000001)^5/(EXP(hP*cL/(S82*0.000000001*kB*$I$31:$I$101))-1),$G$31:$G$101,$H$31:$H$101) -> 5.4379985e+13 | U82: =(S83-S81)/2*0.000000001 -> 5.51345e-08 | V82: =PI()*2*hP*cL^2/(S82*0.000000001)^5/(EXP(hP*cL/(S82*0.000000001*kB*$B$6))-1) -> 5.6546916e+13
E83: =INDEX(Data!$A$4:$A$74,53) -> 2.0378705 | F83: =INDEX(Data!$B$4:$B$74,53) -> 0.70794391 | G83: =INDEX(Data!$C$4:$C$74,53) -> 0.035729995 | H83: =(E84-E82)/2 -> 0.30560225 | I83: =$B$6*(0.75*(E83+F83))^0.25 -> 6914.4785 | J83: =$B$6*(0.75*(E83+2/3))^0.25 -> 6888.3448 | K83: =2*hP*cL^2/($B$7*0.000000001)^5/(EXP(hP*cL/($B$7*0.000000001*kB*I83))-1) -> 6.0328519e+13 | S83: 826.774 | T83: =2*PI()*SUMPRODUCT(2*hP*cL^2/(S83*0.000000001)^5/(EXP(hP*cL/(S83*0.000000001*kB*$I$31:$I$101))-1),$G$31:$G$101,$H$31:$H$101) -> 47959889115818 | U83: =(S84-S82)/2*0.000000001 -> 5.9225e-08 | V83: =PI()*2*hP*cL^2/(S83*0.000000001)^5/(EXP(hP*cL/(S83*0.000000001*kB*$B$6))-1) -> 4.995834e+13
E84: =INDEX(Data!$A$4:$A$74,54) -> 2.3662596 | F84: =INDEX(Data!$B$4:$B$74,54) -> 0.7088314 | G84: =INDEX(Data!$C$4:$C$74,54) -> 0.023442775 | H84: =(E85-E83)/2 -> 0.354848 | I84: =$B$6*(0.75*(E84+F84))^0.25 -> 7113.0544 | J84: =$B$6*(0.75*(E84+2/3))^0.25 -> 7088.545 | K84: =2*hP*cL^2/($B$7*0.000000001)^5/(EXP(hP*cL/($B$7*0.000000001*kB*I84))-1) -> 6.7893327e+13 | S84: 888.117 | T84: =2*PI()*SUMPRODUCT(2*hP*cL^2/(S84*0.000000001)^5/(EXP(hP*cL/(S84*0.000000001*kB*$I$31:$I$101))-1),$G$31:$G$101,$H$31:$H$101) -> 4.1751237e+13 | U84: =(S85-S83)/2*0.000000001 -> 6.36195e-08 | V84: =PI()*2*hP*cL^2/(S84*0.000000001)^5/(EXP(hP*cL/(S84*0.000000001*kB*$B$6))-1) -> 4.3535954e+13
E85: =INDEX(Data!$A$4:$A$74,55) -> 2.7475665 | F85: =INDEX(Data!$B$4:$B$74,55) -> 0.7094438 | G85: =INDEX(Data!$C$4:$C$74,55) -> 0.014529602 | H85: =(E86-E84)/2 -> 0.41202937 | I85: =$B$6*(0.75*(E85+F85))^0.25 -> 7324.3115 | J85: =$B$6*(0.75*(E85+2/3))^0.25 -> 7301.5478 | K85: =2*hP*cL^2/($B$7*0.000000001)^5/(EXP(hP*cL/($B$7*0.000000001*kB*I85))-1) -> 7.6464683e+13 | S85: 954.013 | T85: =2*PI()*SUMPRODUCT(2*hP*cL^2/(S85*0.000000001)^5/(EXP(hP*cL/(S85*0.000000001*kB*$I$31:$I$101))-1),$G$31:$G$101,$H$31:$H$101) -> 3.5913072e+13 | U85: =(S86-S84)/2*0.000000001 -> 6.834e-08 | V85: =PI()*2*hP*cL^2/(S85*0.000000001)^5/(EXP(hP*cL/(S85*0.000000001*kB*$B$6))-1) -> 3.7465956e+13
E86: =INDEX(Data!$A$4:$A$74,56) -> 3.1903184 | F86: =INDEX(Data!$B$4:$B$74,56) -> 0.70984194 | G86: =INDEX(Data!$C$4:$C$74,56) -> 0.0084353313 | H86: =(E87-E85)/2 -> 0.47842514 | I86: =$B$6*(0.75*(E86+F86))^0.25 -> 7548.5277 | J86: =$B$6*(0.75*(E86+2/3))^0.25 -> 7527.5496 | K86: =2*hP*cL^2/($B$7*0.000000001)^5/(EXP(hP*cL/($B$7*0.000000001*kB*I86))-1) -> 8.6143356e+13 | S86: 1024.797 | T86: =2*PI()*SUMPRODUCT(2*hP*cL^2/(S86*0.000000001)^5/(EXP(hP*cL/(S86*0.000000001*kB*$I$31:$I$101))-1),$G$31:$G$101,$H$31:$H$101) -> 3.0552404e+13 | U86: =(S87-S85)/2*0.000000001 -> 7.34105e-08 | V86: =PI()*2*hP*cL^2/(S86*0.000000001)^5/(EXP(hP*cL/(S86*0.000000001*kB*$B$6))-1) -> 3.1874812e+13
E87: =INDEX(Data!$A$4:$A$74,57) -> 3.7044168 | F87: =INDEX(Data!$B$4:$B$74,57) -> 0.7100833 | G87: =INDEX(Data!$C$4:$C$74,57) -> 0.0045425785 | H87: =(E88-E86)/2 -> 0.55552014 | I87: =$B$6*(0.75*(E87+F87))^0.25 -> 7785.9573 | J87: =$B$6*(0.75*(E87+2/3))^0.25 -> 7766.7426 | K87: =2*hP*cL^2/($B$7*0.000000001)^5/(EXP(hP*cL/($B$7*0.000000001*kB*I87))-1) -> 9.7032947e+13 | S87: 1100.834 | T87: =2*PI()*SUMPRODUCT(2*hP*cL^2/(S87*0.000000001)^5/(EXP(hP*cL/(S87*0.000000001*kB*$I$31:$I$101))-1),$G$31:$G$101,$H$31:$H$101) -> 2.5729605e+13 | U87: =(S88-S86)/2*0.000000001 -> 7.88575e-08 | V87: =PI()*2*hP*cL^2/(S87*0.000000001)^5/(EXP(hP*cL/(S87*0.000000001*kB*$B$6))-1) -> 2.6835604e+13
E88: =INDEX(Data!$A$4:$A$74,58) -> 4.3013587 | F88: =INDEX(Data!$B$4:$B$74,58) -> 0.71021938 | G88: =INDEX(Data!$C$4:$C$74,58) -> 0.0022434633 | H88: =(E89-E87)/2 -> 0.64503848 | I88: =$B$6*(0.75*(E88+F88))^0.25 -> 8036.8389 | J88: =$B$6*(0.75*(E88+2/3))^0.25 -> 8019.3208 | K88: =2*hP*cL^2/($B$7*0.000000001)^5/(EXP(hP*cL/($B$7*0.000000001*kB*I88))-1) -> 109239129618654 | S88: 1182.512 | T88: =2*PI()*SUMPRODUCT(2*hP*cL^2/(S88*0.000000001)^5/(EXP(hP*cL/(S88*0.000000001*kB*$I$31:$I$101))-1),$G$31:$G$101,$H$31:$H$101) -> 2.1467325e+13 | U88: =(S89-S87)/2*0.000000001 -> 8.4708e-08 | V88: =PI()*2*hP*cL^2/(S88*0.000000001)^5/(EXP(hP*cL/(S88*0.000000001*kB*$B$6))-1) -> 2.2378301e+13
E89: =INDEX(Data!$A$4:$A$74,59) -> 4.9944937 | F89: =INDEX(Data!$B$4:$B$74,59) -> 0.71029054 | G89: =INDEX(Data!$C$4:$C$74,59) -> 0.0010028124 | H89: =(E90-E88)/2 -> 0.7489821 | I89: =$B$6*(0.75*(E89+F89))^0.25 -> 8301.402 | J89: =$B$6*(0.75*(E89+2/3))^0.25 -> 8285.4863 | K89: =2*hP*cL^2/($B$7*0.000000001)^5/(EXP(hP*cL/($B$7*0.000000001*kB*I89))-1) -> 122868876252179 | S89: 1270.25 | T89: =2*PI()*SUMPRODUCT(2*hP*cL^2/(S89*0.000000001)^5/(EXP(hP*cL/(S89*0.000000001*kB*$I$31:$I$101))-1),$G$31:$G$101,$H$31:$H$101) -> 1.7758803e+13 | U89: =(S90-S88)/2*0.000000001 -> 9.09935e-08 | V89: =PI()*2*hP*cL^2/(S89*0.000000001)^5/(EXP(hP*cL/(S89*0.000000001*kB*$B$6))-1) -> 1.849943e+13
E90: =INDEX(Data!$A$4:$A$74,60) -> 5.7993228 | F90: =INDEX(Data!$B$4:$B$74,60) -> 0.71032532 | G90: =INDEX(Data!$C$4:$C$74,60) -> 0.00039952628 | H90: =(E91-E89)/2 -> 0.86967553 | I90: =$B$6*(0.75*(E90+F90))^0.25 -> 8579.8761 | J90: =$B$6*(0.75*(E90+2/3))^0.25 -> 8565.454 | K90: =2*hP*cL^2/($B$7*0.000000001)^5/(EXP(hP*cL/($B$7*0.000000001*kB*I90))-1) -> 138029855631777 | S90: 1364.499 | T90: =2*PI()*SUMPRODUCT(2*hP*cL^2/(S90*0.000000001)^5/(EXP(hP*cL/(S90*0.000000001*kB*$I$31:$I$101))-1),$G$31:$G$101,$H$31:$H$101) -> 1.4576329e+13 | U90: =(S91-S89)/2*0.000000001 -> 9.7745e-08 | V90: =PI()*2*hP*cL^2/(S90*0.000000001)^5/(EXP(hP*cL/(S90*0.000000001*kB*$B$6))-1) -> 15171773093196
E91: =INDEX(Data!$A$4:$A$74,61) -> 6.7338448 | F91: =INDEX(Data!$B$4:$B$74,61) -> 0.71034204 | G91: =INDEX(Data!$C$4:$C$74,61) -> 0.0001393663 | H91: =(E92-E90)/2 -> 1.0098179 | I91: =$B$6*(0.75*(E91+F91))^0.25 -> 8872.4989 | J91: =$B$6*(0.75*(E91+2/3))^0.25 -> 8859.4563 | K91: =2*hP*cL^2/($B$7*0.000000001)^5/(EXP(hP*cL/($B$7*0.000000001*kB*I91))-1) -> 154829956074378 | S91: 1465.74 | T91: =2*PI()*SUMPRODUCT(2*hP*cL^2/(S91*0.000000001)^5/(EXP(hP*cL/(S91*0.000000001*kB*$I$31:$I$101))-1),$G$31:$G$101,$H$31:$H$101) -> 1.1878677e+13 | U91: =(S92-S90)/2*0.000000001 -> 1.04997e-07 | V91: =PI()*2*hP*cL^2/(S91*0.000000001)^5/(EXP(hP*cL/(S91*0.000000001*kB*$B$6))-1) -> 1.2352824e+13
E92: =INDEX(Data!$A$4:$A$74,62) -> 7.8189587 | F92: =INDEX(Data!$B$4:$B$74,62) -> 0.71035111 | G92: =INDEX(Data!$C$4:$C$74,62) -> 4.1693037e-05 | H92: =(E93-E91)/2 -> 1.1725433 | I92: =$B$6*(0.75*(E92+F92))^0.25 -> 9179.5229 | J92: =$B$6*(0.75*(E92+2/3))^0.25 -> 9167.7466 | K92: =2*hP*cL^2/($B$7*0.000000001)^5/(EXP(hP*cL/($B$7*0.000000001*kB*I92))-1) -> 173376904303325 | S92: 1574.493 | T92: =2*PI()*SUMPRODUCT(2*hP*cL^2/(S92*0.000000001)^5/(EXP(hP*cL/(S92*0.000000001*kB*$I$31:$I$101))-1),$G$31:$G$101,$H$31:$H$101) -> 9.6168823e+12 | U92: =(S93-S91)/2*0.000000001 -> 1.127875e-07 | V92: =PI()*2*hP*cL^2/(S92*0.000000001)^5/(EXP(hP*cL/(S92*0.000000001*kB*$B$6))-1) -> 9.9913324e+12
E93: =INDEX(Data!$A$4:$A$74,63) -> 9.0789314 | F93: =INDEX(Data!$B$4:$B$74,63) -> 0.71035772 | G93: =INDEX(Data!$C$4:$C$74,63) -> 1.0442623e-05 | H93: =(E94-E92)/2 -> 1.3614908 | I93: =$B$6*(0.75*(E93+F93))^0.25 -> 9501.2211 | J93: =$B$6*(0.75*(E93+2/3))^0.25 -> 9490.602 | K93: =2*hP*cL^2/($B$7*0.000000001)^5/(EXP(hP*cL/($B$7*0.000000001*kB*I93))-1) -> 193777975049445 | S93: 1691.315 | T93: =2*PI()*SUMPRODUCT(2*hP*cL^2/(S93*0.000000001)^5/(EXP(hP*cL/(S93*0.000000001*kB*$I$31:$I$101))-1),$G$31:$G$101,$H$31:$H$101) -> 7.7390493e+12 | U93: =(S94-S92)/2*0.000000001 -> 1.21156e-07 | V93: =PI()*2*hP*cL^2/(S93*0.000000001)^5/(EXP(hP*cL/(S93*0.000000001*kB*$B$6))-1) -> 8.0326625e+12
E94: =INDEX(Data!$A$4:$A$74,64) -> 10.54194 | F94: =INDEX(Data!$B$4:$B$74,64) -> 0.71036415 | G94: =INDEX(Data!$C$4:$C$74,64) -> 2.1293459e-06 | H94: =(E95-E93)/2 -> 1.5808859 | I94: =$B$6*(0.75*(E94+F94))^0.25 -> 9837.891 | J94: =$B$6*(0.75*(E94+2/3))^0.25 -> 9828.3259 | K94: =2*hP*cL^2/($B$7*0.000000001)^5/(EXP(hP*cL/($B$7*0.000000001*kB*I94))-1) -> 216139777811901 | S94: 1816.805 | T94: =2*PI()*SUMPRODUCT(2*hP*cL^2/(S94*0.000000001)^5/(EXP(hP*cL/(S94*0.000000001*kB*$I$31:$I$101))-1),$G$31:$G$101,$H$31:$H$101) -> 6.1936699e+12 | U94: =(S95-S93)/2*0.000000001 -> 1.30145e-07 | V94: =PI()*2*hP*cL^2/(S94*0.000000001)^5/(EXP(hP*cL/(S94*0.000000001*kB*$B$6))-1) -> 6.4224834e+12
E95: =INDEX(Data!$A$4:$A$74,65) -> 12.240703 | F95: =INDEX(Data!$B$4:$B$74,65) -> 0.71037129 | G95: =INDEX(Data!$C$4:$C$74,65) -> 3.4217781e-07 | H95: =(E96-E94)/2 -> 1.835635 | I95: =$B$6*(0.75*(E95+F95))^0.25 -> 10189.857 | J95: =$B$6*(0.75*(E95+2/3))^0.25 -> 10181.249 | K95: =2*hP*cL^2/($B$7*0.000000001)^5/(EXP(hP*cL/($B$7*0.000000001*kB*I95))-1) -> 240568114868469 | S95: 1951.605 | T95: =2*PI()*SUMPRODUCT(2*hP*cL^2/(S95*0.000000001)^5/(EXP(hP*cL/(S95*0.000000001*kB*$I$31:$I$101))-1),$G$31:$G$101,$H$31:$H$101) -> 4.9319426e+12 | U95: =(S96-S94)/2*0.000000001 -> 1.398015e-07 | V95: =PI()*2*hP*cL^2/(S95*0.000000001)^5/(EXP(hP*cL/(S95*0.000000001*kB*$B$6))-1) -> 5.1093115e+12
E96: =INDEX(Data!$A$4:$A$74,66) -> 14.21321 | F96: =INDEX(Data!$B$4:$B$74,66) -> 0.7103795 | G96: =INDEX(Data!$C$4:$C$74,66) -> 4.1726713e-08 | H96: =(E97-E95)/2 -> 2.1314353 | I96: =$B$6*(0.75*(E96+F96))^0.25 -> 10557.473 | J96: =$B$6*(0.75*(E96+2/3))^0.25 -> 10549.733 | K96: =2*hP*cL^2/($B$7*0.000000001)^5/(EXP(hP*cL/($B$7*0.000000001*kB*I96))-1) -> 267167909921976 | S96: 2096.408 | T96: =2*PI()*SUMPRODUCT(2*hP*cL^2/(S96*0.000000001)^5/(EXP(hP*cL/(S96*0.000000001*kB*$I$31:$I$101))-1),$G$31:$G$101,$H$31:$H$101) -> 3.9091303e+12 | U96: =(S97-S95)/2*0.000000001 -> 1.501745e-07 | V96: =PI()*2*hP*cL^2/(S96*0.000000001)^5/(EXP(hP*cL/(S96*0.000000001*kB*$B$6))-1) -> 4.0459901e+12
E97: =INDEX(Data!$A$4:$A$74,67) -> 16.503574 | F97: =INDEX(Data!$B$4:$B$74,67) -> 0.71038902 | G97: =INDEX(Data!$C$4:$C$74,67) -> 3.6953875e-09 | H97: =(E98-E96)/2 -> 2.4749017 | I97: =$B$6*(0.75*(E97+F97))^0.25 -> 10941.122 | J97: =$B$6*(0.75*(E97+2/3))^0.25 -> 10934.168 | K97: =2*hP*cL^2/($B$7*0.000000001)^5/(EXP(hP*cL/($B$7*0.000000001*kB*I97))-1) -> 296043207288930 | S97: 2251.954 | T97: =2*PI()*SUMPRODUCT(2*hP*cL^2/(S97*0.000000001)^5/(EXP(hP*cL/(S97*0.000000001*kB*$I$31:$I$101))-1),$G$31:$G$101,$H$31:$H$101) -> 3.0853482e+12 | U97: =(S98-S96)/2*0.000000001 -> 1.61317e-07 | V97: =PI()*2*hP*cL^2/(S97*0.000000001)^5/(EXP(hP*cL/(S97*0.000000001*kB*$B$6))-1) -> 3.1905325e+12
E98: =INDEX(Data!$A$4:$A$74,68) -> 19.163014 | F98: =INDEX(Data!$B$4:$B$74,68) -> 0.71040008 | G98: =INDEX(Data!$C$4:$C$74,68) -> 2.2585296e-10 | H98: =(E99-E97)/2 -> 2.8737155 | I98: =$B$6*(0.75*(E98+F98))^0.25 -> 11341.22 | J98: =$B$6*(0.75*(E98+2/3))^0.25 -> 11334.975 | K98: =2*hP*cL^2/($B$7*0.000000001)^5/(EXP(hP*cL/($B$7*0.000000001*kB*I98))-1) -> 327297238691829 | S98: 2419.042 | T98: =2*PI()*SUMPRODUCT(2*hP*cL^2/(S98*0.000000001)^5/(EXP(hP*cL/(S98*0.000000001*kB*$I$31:$I$101))-1),$G$31:$G$101,$H$31:$H$101) -> 2.4257299e+12 | U98: =(S99-S97)/2*0.000000001 -> 1.73286e-07 | V98: =PI()*2*hP*cL^2/(S98*0.000000001)^5/(EXP(hP*cL/(S98*0.000000001*kB*$B$6))-1) -> 2.5062934e+12
E99: =INDEX(Data!$A$4:$A$74,69) -> 22.251005 | F99: =INDEX(Data!$B$4:$B$74,69) -> 0.71041292 | G99: =INDEX(Data!$C$4:$C$74,69) -> 8.9775866e-12 | H99: =(E100-E98)/2 -> 3.3367955 | I99: =$B$6*(0.75*(E99+F99))^0.25 -> 11758.213 | J99: =$B$6*(0.75*(E99+2/3))^0.25 -> 11752.608 | K99: =2*hP*cL^2/($B$7*0.000000001)^5/(EXP(hP*cL/($B$7*0.000000001*kB*I99))-1) -> 361032551369563 | S99: 2598.526 | T99: =2*PI()*SUMPRODUCT(2*hP*cL^2/(S99*0.000000001)^5/(EXP(hP*cL/(S99*0.000000001*kB*$I$31:$I$101))-1),$G$31:$G$101,$H$31:$H$101) -> 1.9003627e+12 | U99: =(S100-S98)/2*0.000000001 -> 1.86143e-07 | V99: =PI()*2*hP*cL^2/(S99*0.000000001)^5/(EXP(hP*cL/(S99*0.000000001*kB*$B$6))-1) -> 1.9618862e+12
E100: =INDEX(Data!$A$4:$A$74,70) -> 25.836605 | F100: =INDEX(Data!$B$4:$B$74,70) -> 0.71042783 | G100: =INDEX(Data!$C$4:$C$74,70) -> 2.1664203e-13 | H100: =(E101-E99)/2 -> 3.8744977 | I100: =$B$6*(0.75*(E100+F100))^0.25 -> 12192.581 | J100: =$B$6*(0.75*(E100+2/3))^0.25 -> 12187.553 | K100: =2*hP*cL^2/($B$7*0.000000001)^5/(EXP(hP*cL/($B$7*0.000000001*kB*I100))-1) -> 397351189164898 | S100: 2791.328 | T100: =2*PI()*SUMPRODUCT(2*hP*cL^2/(S100*0.000000001)^5/(EXP(hP*cL/(S100*0.000000001*kB*$I$31:$I$101))-1),$G$31:$G$101,$H$31:$H$101) -> 1.4839279e+12 | U100: =(S101-S99)/2*0.000000001 -> 1.999545e-07 | V100: =PI()*2*hP*cL^2/(S100*0.000000001)^5/(EXP(hP*cL/(S100*0.000000001*kB*$B$6))-1) -> 1.5307918e+12
E101: =INDEX(Data!$A$4:$A$74,71) -> 30 | F101: =INDEX(Data!$B$4:$B$74,71) -> 0.71044609 | G101: =INDEX(Data!$C$4:$C$74,71) -> 2.9296694e-15 | H101: =(E101-E100)/2 -> 2.0816977 | I101: =$B$6*(0.75*(E101+F101))^0.25 -> 12644.835 | J101: =$B$6*(0.75*(E101+2/3))^0.25 -> 12640.326 | K101: =2*hP*cL^2/($B$7*0.000000001)^5/(EXP(hP*cL/($B$7*0.000000001*kB*I101))-1) -> 436354926091955 | S101: 2998.435 | T101: =2*PI()*SUMPRODUCT(2*hP*cL^2/(S101*0.000000001)^5/(EXP(hP*cL/(S101*0.000000001*kB*$I$31:$I$101))-1),$G$31:$G$101,$H$31:$H$101) -> 1.1552836e+12 | U101: =(S102-S100)/2*0.000000001 -> 2.147905e-07 | V101: =PI()*2*hP*cL^2/(S101*0.000000001)^5/(EXP(hP*cL/(S101*0.000000001*kB*$B$6))-1) -> 1.1909027e+12
S102: 3220.909 | T102: =2*PI()*SUMPRODUCT(2*hP*cL^2/(S102*0.000000001)^5/(EXP(hP*cL/(S102*0.000000001*kB*$I$31:$I$101))-1),$G$31:$G$101,$H$31:$H$101) -> 8.9695365e+11 | U102: =(S103-S101)/2*0.000000001 -> 2.307275e-07 | V102: =PI()*2*hP*cL^2/(S102*0.000000001)^5/(EXP(hP*cL/(S102*0.000000001*kB*$B$6))-1) -> 9.2397491e+11
S103: 3459.89 | T103: =2*PI()*SUMPRODUCT(2*hP*cL^2/(S103*0.000000001)^5/(EXP(hP*cL/(S103*0.000000001*kB*$I$31:$I$101))-1),$G$31:$G$101,$H$31:$H$101) -> 6.9463093e+11 | U103: =(S104-S102)/2*0.000000001 -> 2.478465e-07 | V103: =PI()*2*hP*cL^2/(S103*0.000000001)^5/(EXP(hP*cL/(S103*0.000000001*kB*$B$6))-1) -> 7.1509656e+11
...

Sheet SA4 Lines
A1: Lecture SA4 - How does a spectral line grow? Milne-Eddington profiles and the curve of growth
A2: In LTE a line is dark because we see higher, cooler layers at its frequencies. Saturation: the core cannot drop below 1/(1+2beta/3).
A3: Equation: F/F_c = [1 + 2beta/(3(1+eta))] / [1 + 2beta/3], eta = eta0 H(a,v), W = Int (1 - F/F_c) dv
A5: Inputs
A6: Temperature gradient beta | B6: 1.5
A7: Line strength eta0 (proportional to N f) | B7: 10
A8: Damping parameter a | B8: 0.01
A9: Gas temperature | B9: 5772 | C9: K
A10: Atomic mass | B10: 55.8 | C10: u
A11: Microturbulence xi | B11: 1 | C11: km/s
A12: Line wavelength lambda0 | B12: 500 | C12: nm
A13: Voigt function approximated as H(a,v) ~ exp(-v^2) + a/(sqrt(pi)(1+v^2)), which is exact in the core and the far wings for a << 1 (the web app uses the exact Voigt function).
A15: Results
A16: Central residual flux F/F_c | B16: =(1+2*$B$6/(3*(1+$B$7*(1+$B$8/SQRT(PI())))))/(1+2*$B$6/3) -> 0.5452226
A17: Maximum possible depth | B17: =1-1/(1+2*$B$6/3) -> 0.5
A18: Doppler velocity sqrt(2kT/m + xi^2) | B18: =SQRT(2*kB*$B$9/($B$10*amu)+($B$11*1000)^2)/1000 -> 1.6492757 | C18: km/s
A19: Doppler width (lambda0 v/c) | B19: =$B$12*0.000000001*$B$18*1000/cL*10000000000000 -> 27.506958 | C19: mA
A20: Equivalent width W / Delta nu_D | B20: =2*SUMPRODUCT(1-(1+2*$B$6/(3*(1+$B$7*(EXP(0-$P$41:$P$200^2)+$B$8/(SQRT(PI())*(1+$P$41:$P$200^2))))))/(1+2*$B$6/3),$Q$41:$Q$200) -> 1.438214
A21: Equivalent width W_lambda | B21: =$B$20*$B$19 -> 39.560891 | C21: mA
A22: Weak-line limit sqrt(pi) C eta0 | B22: =SQRT(PI())*((2*$B$6/3)/(1+2*$B$6/3))*$B$7 -> 8.8622693
E25: v = (nu-nu0)/Delta nu_D | F25: F/F_c | H25: eta0 | I25: W/Dnu_D (Voigt approx.) | J25: W/Dnu_D (Gaussian) | K25: linear limit
E26: =-8+0*0.2 -> -8 | F26: =(1+2*$B$6/(3*(1+$B$7*(EXP(0-E26^2)+$B$8/(SQRT(PI())*(1+E26^2))))))/(1+2*$B$6/3) -> 0.99956638 | H26: 0.01 | I26: =2*SUMPRODUCT(1-(1+2*$B$6/(3*(1+H26*(EXP(0-$P$41:$P$200^2)+$B$8/(SQRT(PI())*(1+$P$41:$P$200^2))))))/(1+2*$B$6/3),$Q$41:$Q$200) -> 0.0088901323 | J26: =2*SUMPRODUCT(1-(1+2*$B$6/(3*(1+H26*EXP(0-$P$41:$P$200^2))))/(1+2*$B$6/3),$Q$41:$Q$200) -> 0.0088023516 | K26: =SQRT(PI())*((2*$B$6/3)/(1+2*$B$6/3))*H26 -> 0.0088622693
E27: =-8+1*0.2 -> -7.8 | F27: =(1+2*$B$6/(3*(1+$B$7*(EXP(0-E27^2)+$B$8/(SQRT(PI())*(1+E27^2))))))/(1+2*$B$6/3) -> 0.99954425 | H27: 0.017782794 | I27: =2*SUMPRODUCT(1-(1+2*$B$6/(3*(1+H27*(EXP(0-$P$41:$P$200^2)+$B$8/(SQRT(PI())*(1+$P$41:$P$200^2))))))/(1+2*$B$6/3),$Q$41:$Q$200) -> 0.015723301 | J27: =2*SUMPRODUCT(1-(1+2*$B$6/(3*(1+H27*EXP(0-$P$41:$P$200^2))))/(1+2*$B$6/3),$Q$41:$Q$200) -> 0.015568221 | K27: =SQRT(PI())*((2*$B$6/3)/(1+2*$B$6/3))*H27 -> 0.015759591
E28: =-8+2*0.2 -> -7.6 | F28: =(1+2*$B$6/(3*(1+$B$7*(EXP(0-E28^2)+$B$8/(SQRT(PI())*(1+E28^2))))))/(1+2*$B$6/3) -> 0.99952038 | H28: 0.031622777 | I28: =2*SUMPRODUCT(1-(1+2*$B$6/(3*(1+H28*(EXP(0-$P$41:$P$200^2)+$B$8/(SQRT(PI())*(1+$P$41:$P$200^2))))))/(1+2*$B$6/3),$Q$41:$Q$200) -> 0.027693661 | J28: =2*SUMPRODUCT(1-(1+2*$B$6/(3*(1+H28*EXP(0-$P$41:$P$200^2))))/(1+2*$B$6/3),$Q$41:$Q$200) -> 0.027421029 | K28: =SQRT(PI())*((2*$B$6/3)/(1+2*$B$6/3))*H28 -> 0.028024956
E29: =-8+3*0.2 -> -7.4 | F29: =(1+2*$B$6/(3*(1+$B$7*(EXP(0-E29^2)+$B$8/(SQRT(PI())*(1+E29^2))))))/(1+2*$B$6/3) -> 0.9994946 | H29: 0.056234133 | I29: =2*SUMPRODUCT(1-(1+2*$B$6/(3*(1+H29*(EXP(0-$P$41:$P$200^2)+$B$8/(SQRT(PI())*(1+$P$41:$P$200^2))))))/(1+2*$B$6/3),$Q$41:$Q$200) -> 0.04842882 | J29: =2*SUMPRODUCT(1-(1+2*$B$6/(3*(1+H29*EXP(0-$P$41:$P$200^2))))/(1+2*$B$6/3),$Q$41:$Q$200) -> 0.047953515 | K29: =SQRT(PI())*((2*$B$6/3)/(1+2*$B$6/3))*H29 -> 0.049836202
E30: =-8+4*0.2 -> -7.2 | F30: =(1+2*$B$6/(3*(1+$B$7*(EXP(0-E30^2)+$B$8/(SQRT(PI())*(1+E30^2))))))/(1+2*$B$6/3) -> 0.9994667 | H30: 0.1 | I30: =2*SUMPRODUCT(1-(1+2*$B$6/(3*(1+H30*(EXP(0-$P$41:$P$200^2)+$B$8/(SQRT(PI())*(1+$P$41:$P$200^2))))))/(1+2*$B$6/3),$Q$41:$Q$200) -> 0.083665532 | J30: =2*SUMPRODUCT(1-(1+2*$B$6/(3*(1+H30*EXP(0-$P$41:$P$200^2))))/(1+2*$B$6/3),$Q$41:$Q$200) -> 0.082848197 | K30: =SQRT(PI())*((2*$B$6/3)/(1+2*$B$6/3))*H30 -> 0.088622693
E31: =-8+5*0.2 -> -7 | F31: =(1+2*$B$6/(3*(1+$B$7*(EXP(0-E31^2)+$B$8/(SQRT(PI())*(1+E31^2))))))/(1+2*$B$6/3) -> 0.99943645 | H31: 0.17782794 | I31: =2*SUMPRODUCT(1-(1+2*$B$6/(3*(1+H31*(EXP(0-$P$41:$P$200^2)+$B$8/(SQRT(PI())*(1+$P$41:$P$200^2))))))/(1+2*$B$6/3),$Q$41:$Q$200) -> 0.14168567 | J31: =2*SUMPRODUCT(1-(1+2*$B$6/(3*(1+H31*EXP(0-$P$41:$P$200^2))))/(1+2*$B$6/3),$Q$41:$Q$200) -> 0.14030983 | K31: =SQRT(PI())*((2*$B$6/3)/(1+2*$B$6/3))*H31 -> 0.15759591
E32: =-8+6*0.2 -> -6.8 | F32: =(1+2*$B$6/(3*(1+$B$7*(EXP(0-E32^2)+$B$8/(SQRT(PI())*(1+E32^2))))))/(1+2*$B$6/3) -> 0.99940356 | H32: 0.31622777 | I32: =2*SUMPRODUCT(1-(1+2*$B$6/(3*(1+H32*(EXP(0-$P$41:$P$200^2)+$B$8/(SQRT(PI())*(1+$P$41:$P$200^2))))))/(1+2*$B$6/3),$Q$41:$Q$200) -> 0.23261245 | J32: =2*SUMPRODUCT(1-(1+2*$B$6/(3*(1+H32*EXP(0-$P$41:$P$200^2))))/(1+2*$B$6/3),$Q$41:$Q$200) -> 0.23036487 | K32: =SQRT(PI())*((2*$B$6/3)/(1+2*$B$6/3))*H32 -> 0.28024956
E33: =-8+7*0.2 -> -6.6 | F33: =(1+2*$B$6/(3*(1+$B$7*(EXP(0-E33^2)+$B$8/(SQRT(PI())*(1+E33^2))))))/(1+2*$B$6/3) -> 0.99936773 | H33: 0.56234133 | I33: =2*SUMPRODUCT(1-(1+2*$B$6/(3*(1+H33*(EXP(0-$P$41:$P$200^2)+$B$8/(SQRT(PI())*(1+$P$41:$P$200^2))))))/(1+2*$B$6/3),$Q$41:$Q$200) -> 0.36526074 | J33: =2*SUMPRODUCT(1-(1+2*$B$6/(3*(1+H33*EXP(0-$P$41:$P$200^2))))/(1+2*$B$6/3),$Q$41:$Q$200) -> 0.36171799 | K33: =SQRT(PI())*((2*$B$6/3)/(1+2*$B$6/3))*H33 -> 0.49836202
E34: =-8+8*0.2 -> -6.4 | F34: =(1+2*$B$6/(3*(1+$B$7*(EXP(0-E34^2)+$B$8/(SQRT(PI())*(1+E34^2))))))/(1+2*$B$6/3) -> 0.99932861 | H34: 1 | I34: =2*SUMPRODUCT(1-(1+2*$B$6/(3*(1+H34*(EXP(0-$P$41:$P$200^2)+$B$8/(SQRT(PI())*(1+$P$41:$P$200^2))))))/(1+2*$B$6/3),$Q$41:$Q$200) -> 0.54162224 | J34: =2*SUMPRODUCT(1-(1+2*$B$6/(3*(1+H34*EXP(0-$P$41:$P$200^2))))/(1+2*$B$6/3),$Q$41:$Q$200) -> 0.53621397 | K34: =SQRT(PI())*((2*$B$6/3)/(1+2*$B$6/3))*H34 -> 0.88622693
E35: =-8+9*0.2 -> -6.2 | F35: =(1+2*$B$6/(3*(1+$B$7*(EXP(0-E35^2)+$B$8/(SQRT(PI())*(1+E35^2))))))/(1+2*$B$6/3) -> 0.99928577 | H35: 1.7782794 | I35: =2*SUMPRODUCT(1-(1+2*$B$6/(3*(1+H35*(EXP(0-$P$41:$P$200^2)+$B$8/(SQRT(PI())*(1+$P$41:$P$200^2))))))/(1+2*$B$6/3),$Q$41:$Q$200) -> 0.75294319 | J35: =2*SUMPRODUCT(1-(1+2*$B$6/(3*(1+H35*EXP(0-$P$41:$P$200^2))))/(1+2*$B$6/3),$Q$41:$Q$200) -> 0.7448133 | K35: =SQRT(PI())*((2*$B$6/3)/(1+2*$B$6/3))*H35 -> 1.5759591
E36: =-8+10*0.2 -> -6 | F36: =(1+2*$B$6/(3*(1+$B$7*(EXP(0-E36^2)+$B$8/(SQRT(PI())*(1+E36^2))))))/(1+2*$B$6/3) -> 0.99923874 | H36: 3.1622777 | I36: =2*SUMPRODUCT(1-(1+2*$B$6/(3*(1+H36*(EXP(0-$P$41:$P$200^2)+$B$8/(SQRT(PI())*(1+$P$41:$P$200^2))))))/(1+2*$B$6/3),$Q$41:$Q$200) -> 0.98258062 | J36: =2*SUMPRODUCT(1-(1+2*$B$6/(3*(1+H36*EXP(0-$P$41:$P$200^2))))/(1+2*$B$6/3),$Q$41:$Q$200) -> 0.9702724 | K36: =SQRT(PI())*((2*$B$6/3)/(1+2*$B$6/3))*H36 -> 2.8024956
E37: =-8+11*0.2 -> -5.8 | F37: =(1+2*$B$6/(3*(1+$B$7*(EXP(0-E37^2)+$B$8/(SQRT(PI())*(1+E37^2))))))/(1+2*$B$6/3) -> 0.99918696 | H37: 5.6234133 | I37: =2*SUMPRODUCT(1-(1+2*$B$6/(3*(1+H37*(EXP(0-$P$41:$P$200^2)+$B$8/(SQRT(PI())*(1+$P$41:$P$200^2))))))/(1+2*$B$6/3),$Q$41:$Q$200) -> 1.2142109 | J37: =2*SUMPRODUCT(1-(1+2*$B$6/(3*(1+H37*EXP(0-$P$41:$P$200^2))))/(1+2*$B$6/3),$Q$41:$Q$200) -> 1.1951524 | K37: =SQRT(PI())*((2*$B$6/3)/(1+2*$B$6/3))*H37 -> 4.9836202
E38: =-8+12*0.2 -> -5.6 | F38: =(1+2*$B$6/(3*(1+$B$7*(EXP(0-E38^2)+$B$8/(SQRT(PI())*(1+E38^2))))))/(1+2*$B$6/3) -> 0.99912978 | H38: 10 | I38: =2*SUMPRODUCT(1-(1+2*$B$6/(3*(1+H38*(EXP(0-$P$41:$P$200^2)+$B$8/(SQRT(PI())*(1+$P$41:$P$200^2))))))/(1+2*$B$6/3),$Q$41:$Q$200) -> 1.438214 | J38: =2*SUMPRODUCT(1-(1+2*$B$6/(3*(1+H38*EXP(0-$P$41:$P$200^2))))/(1+2*$B$6/3),$Q$41:$Q$200) -> 1.4079395 | K38: =SQRT(PI())*((2*$B$6/3)/(1+2*$B$6/3))*H38 -> 8.8622693
E39: =-8+13*0.2 -> -5.4 | F39: =(1+2*$B$6/(3*(1+$B$7*(EXP(0-E39^2)+$B$8/(SQRT(PI())*(1+E39^2))))))/(1+2*$B$6/3) -> 0.99906642 | H39: 17.782794 | I39: =2*SUMPRODUCT(1-(1+2*$B$6/(3*(1+H39*(EXP(0-$P$41:$P$200^2)+$B$8/(SQRT(PI())*(1+$P$41:$P$200^2))))))/(1+2*$B$6/3),$Q$41:$Q$200) -> 1.6529404 | J39: =2*SUMPRODUCT(1-(1+2*$B$6/(3*(1+H39*EXP(0-$P$41:$P$200^2))))/(1+2*$B$6/3),$Q$41:$Q$200) -> 1.6038354 | K39: =SQRT(PI())*((2*$B$6/3)/(1+2*$B$6/3))*H39 -> 15.759591
E40: =-8+14*0.2 -> -5.2 | F40: =(1+2*$B$6/(3*(1+$B$7*(EXP(0-E40^2)+$B$8/(SQRT(PI())*(1+E40^2))))))/(1+2*$B$6/3) -> 0.99899598 | H40: 31.622777 | I40: =2*SUMPRODUCT(1-(1+2*$B$6/(3*(1+H40*(EXP(0-$P$41:$P$200^2)+$B$8/(SQRT(PI())*(1+$P$41:$P$200^2))))))/(1+2*$B$6/3),$Q$41:$Q$200) -> 1.8633128 | J40: =2*SUMPRODUCT(1-(1+2*$B$6/(3*(1+H40*EXP(0-$P$41:$P$200^2))))/(1+2*$B$6/3),$Q$41:$Q$200) -> 1.7825086 | K40: =SQRT(PI())*((2*$B$6/3)/(1+2*$B$6/3))*H40 -> 28.024956 | P40: v (integration grid) | Q40: weight
E41: =-8+15*0.2 -> -5 | F41: =(1+2*$B$6/(3*(1+$B$7*(EXP(0-E41^2)+$B$8/(SQRT(PI())*(1+E41^2))))))/(1+2*$B$6/3) -> 0.99891737 | H41: 56.234133 | I41: =2*SUMPRODUCT(1-(1+2*$B$6/(3*(1+H41*(EXP(0-$P$41:$P$200^2)+$B$8/(SQRT(PI())*(1+$P$41:$P$200^2))))))/(1+2*$B$6/3),$Q$41:$Q$200) -> 2.0798438 | J41: =2*SUMPRODUCT(1-(1+2*$B$6/(3*(1+H41*EXP(0-$P$41:$P$200^2))))/(1+2*$B$6/3),$Q$41:$Q$200) -> 1.9456994 | K41: =SQRT(PI())*((2*$B$6/3)/(1+2*$B$6/3))*H41 -> 49.836202 | P41: 0 | Q41: =(P42-P41)/2 -> 0.039095563
E42: =-8+16*0.2 -> -4.8 | F42: =(1+2*$B$6/(3*(1+$B$7*(EXP(0-E42^2)+$B$8/(SQRT(PI())*(1+E42^2))))))/(1+2*$B$6/3) -> 0.99882931 | H42: 100 | I42: =2*SUMPRODUCT(1-(1+2*$B$6/(3*(1+H42*(EXP(0-$P$41:$P$200^2)+$B$8/(SQRT(PI())*(1+$P$41:$P$200^2))))))/(1+2*$B$6/3),$Q$41:$Q$200) -> 2.3193655 | J42: =2*SUMPRODUCT(1-(1+2*$B$6/(3*(1+H42*EXP(0-$P$41:$P$200^2))))/(1+2*$B$6/3),$Q$41:$Q$200) -> 2.0957304 | K42: =SQRT(PI())*((2*$B$6/3)/(1+2*$B$6/3))*H42 -> 88.622693 | P42: 0.078191126 | Q42: =(P43-P41)/2 -> 0.07825086
E43: =-8+17*0.2 -> -4.6 | F43: =(1+2*$B$6/(3*(1+$B$7*(EXP(0-E43^2)+$B$8/(SQRT(PI())*(1+E43^2))))))/(1+2*$B$6/3) -> 0.99873024 | H43: 177.82794 | I43: =2*SUMPRODUCT(1-(1+2*$B$6/(3*(1+H43*(EXP(0-$P$41:$P$200^2)+$B$8/(SQRT(PI())*(1+$P$41:$P$200^2))))))/(1+2*$B$6/3),$Q$41:$Q$200) -> 2.6076164 | J43: =2*SUMPRODUCT(1-(1+2*$B$6/(3*(1+H43*EXP(0-$P$41:$P$200^2))))/(1+2*$B$6/3),$Q$41:$Q$200) -> 2.2348168 | K43: =SQRT(PI())*((2*$B$6/3)/(1+2*$B$6/3))*H43 -> 157.59591 | P43: 0.15650172 | Q43: =(P44-P42)/2 -> 0.078430151
E44: =-8+18*0.2 -> -4.4 | F44: =(1+2*$B$6/(3*(1+$B$7*(EXP(0-E44^2)+$B$8/(SQRT(PI())*(1+E44^2))))))/(1+2*$B$6/3) -> 0.99861828 | H44: 316.22777 | I44: =2*SUMPRODUCT(1-(1+2*$B$6/(3*(1+H44*(EXP(0-$P$41:$P$200^2)+$B$8/(SQRT(PI())*(1+$P$41:$P$200^2))))))/(1+2*$B$6/3),$Q$41:$Q$200) -> 2.9833526 | J44: =2*SUMPRODUCT(1-(1+2*$B$6/(3*(1+H44*EXP(0-$P$41:$P$200^2))))/(1+2*$B$6/3),$Q$41:$Q$200) -> 2.3648337 | K44: =SQRT(PI())*((2*$B$6/3)/(1+2*$B$6/3))*H44 -> 280.24956 | P44: 0.23505143 | Q44: =(P45-P43)/2 -> 0.078729274
E45: =-8+19*0.2 -> -4.2 | F45: =(1+2*$B$6/(3*(1+$B$7*(EXP(0-E45^2)+$B$8/(SQRT(PI())*(1+E45^2))))))/(1+2*$B$6/3) -> 0.99849107 | H45: 562.34133 | I45: =2*SUMPRODUCT(1-(1+2*$B$6/(3*(1+H45*(EXP(0-$P$41:$P$200^2)+$B$8/(SQRT(PI())*(1+$P$41:$P$200^2))))))/(1+2*$B$6/3),$Q$41:$Q$200) -> 3.5030713 | J45: =2*SUMPRODUCT(1-(1+2*$B$6/(3*(1+H45*EXP(0-$P$41:$P$200^2))))/(1+2*$B$6/3),$Q$41:$Q$200) -> 2.4872888 | K45: =SQRT(PI())*((2*$B$6/3)/(1+2*$B$6/3))*H45 -> 498.36202 | P45: 0.31396027 | Q45: =(P46-P44)/2 -> 0.079148686
E46: =-8+20*0.2 -> -4 | F46: =(1+2*$B$6/(3*(1+$B$7*(EXP(0-E46^2)+$B$8/(SQRT(PI())*(1+E46^2))))))/(1+2*$B$6/3) -> 0.99834555 | H46: 1000 | I46: =2*SUMPRODUCT(1-(1+2*$B$6/(3*(1+H46*(EXP(0-$P$41:$P$200^2)+$B$8/(SQRT(PI())*(1+$P$41:$P$200^2))))))/(1+2*$B$6/3),$Q$41:$Q$200) -> 4.2445372 | J46: =2*SUMPRODUCT(1-(1+2*$B$6/(3*(1+H46*EXP(0-$P$41:$P$200^2))))/(1+2*$B$6/3),$Q$41:$Q$200) -> 2.6033704 | K46: =SQRT(PI())*((2*$B$6/3)/(1+2*$B$6/3))*H46 -> 886.22693 | P46: 0.3933488 | Q46: =(P47-P45)/2 -> 0.079689027
E47: =-8+21*0.2 -> -3.8 | F47: =(1+2*$B$6/(3*(1+$B$7*(EXP(0-E47^2)+$B$8/(SQRT(PI())*(1+E47^2))))))/(1+2*$B$6/3) -> 0.99817695 | H47: 1778.2794 | I47: =2*SUMPRODUCT(1-(1+2*$B$6/(3*(1+H47*(EXP(0-$P$41:$P$200^2)+$B$8/(SQRT(PI())*(1+$P$41:$P$200^2))))))/(1+2*$B$6/3),$Q$41:$Q$200) -> 5.3072476 | J47: =2*SUMPRODUCT(1-(1+2*$B$6/(3*(1+H47*EXP(0-$P$41:$P$200^2))))/(1+2*$B$6/3),$Q$41:$Q$200) -> 2.7140112 | K47: =SQRT(PI())*((2*$B$6/3)/(1+2*$B$6/3))*H47 -> 1575.9591 | P47: 0.47333832 | Q47: =(P48-P46)/2 -> 0.080351124
E48: =-8+22*0.2 -> -3.6 | F48: =(1+2*$B$6/(3*(1+$B$7*(EXP(0-E48^2)+$B$8/(SQRT(PI())*(1+E48^2))))))/(1+2*$B$6/3) -> 0.99797573 | H48: 3162.2777 | I48: =2*SUMPRODUCT(1-(1+2*$B$6/(3*(1+H48*(EXP(0-$P$41:$P$200^2)+$B$8/(SQRT(PI())*(1+$P$41:$P$200^2))))))/(1+2*$B$6/3),$Q$41:$Q$200) -> 6.8107084 | J48: =2*SUMPRODUCT(1-(1+2*$B$6/(3*(1+H48*EXP(0-$P$41:$P$200^2))))/(1+2*$B$6/3),$Q$41:$Q$200) -> 2.8199469 | K48: =SQRT(PI())*((2*$B$6/3)/(1+2*$B$6/3))*H48 -> 2802.4956 | P48: 0.55405105 | Q48: =(P49-P47)/2 -> 0.081135988
E49: =-8+23*0.2 -> -3.4 | F49: =(1+2*$B$6/(3*(1+$B$7*(EXP(0-E49^2)+$B$8/(SQRT(PI())*(1+E49^2))))))/(1+2*$B$6/3) -> 0.9977168 | H49: 5623.4133 | I49: =2*SUMPRODUCT(1-(1+2*$B$6/(3*(1+H49*(EXP(0-$P$41:$P$200^2)+$B$8/(SQRT(PI())*(1+$P$41:$P$200^2))))))/(1+2*$B$6/3),$Q$41:$Q$200) -> 8.8957882 | J49: =2*SUMPRODUCT(1-(1+2*$B$6/(3*(1+H49*EXP(0-$P$41:$P$200^2))))/(1+2*$B$6/3),$Q$41:$Q$200) -> 2.9217639 | K49: =SQRT(PI())*((2*$B$6/3)/(1+2*$B$6/3))*H49 -> 4983.6202 | P49: 0.6356103 | Q49: =(P50-P48)/2 -> 0.082044817
E50: =-8+24*0.2 -> -3.2 | F50: =(1+2*$B$6/(3*(1+$B$7*(EXP(0-E50^2)+$B$8/(SQRT(PI())*(1+E50^2))))))/(1+2*$B$6/3) -> 0.99732607 | H50: 10000 | I50: =2*SUMPRODUCT(1-(1+2*$B$6/(3*(1+H50*(EXP(0-$P$41:$P$200^2)+$B$8/(SQRT(PI())*(1+$P$41:$P$200^2))))))/(1+2*$B$6/3),$Q$41:$Q$200) -> 11.734403 | J50: =2*SUMPRODUCT(1-(1+2*$B$6/(3*(1+H50*EXP(0-$P$41:$P$200^2))))/(1+2*$B$6/3),$Q$41:$Q$200) -> 3.0199353 | K50: =SQRT(PI())*((2*$B$6/3)/(1+2*$B$6/3))*H50 -> 8862.2693 | P50: 0.71814068 | Q50: =(P51-P49)/2 -> 0.083079001
E51: =-8+25*0.2 -> -3 | F51: =(1+2*$B$6/(3*(1+$B$7*(EXP(0-E51^2)+$B$8/(SQRT(PI())*(1+E51^2))))))/(1+2*$B$6/3) -> 0.99658548 | H51: 17782.794 | I51: =2*SUMPRODUCT(1-(1+2*$B$6/(3*(1+H51*(EXP(0-$P$41:$P$200^2)+$B$8/(SQRT(PI())*(1+$P$41:$P$200^2))))))/(1+2*$B$6/3),$Q$41:$Q$200) -> 15.546806 | J51: =2*SUMPRODUCT(1-(1+2*$B$6/(3*(1+H51*EXP(0-$P$41:$P$200^2))))/(1+2*$B$6/3),$Q$41:$Q$200) -> 3.1148482 | K51: =SQRT(PI())*((2*$B$6/3)/(1+2*$B$6/3))*H51 -> 15759.591 | P51: 0.8017683 | Q51: =(P52-P50)/2 -> 0.08424012
E52: =-8+26*0.2 -> -2.8 | F52: =(1+2*$B$6/(3*(1+$B$7*(EXP(0-E52^2)+$B$8/(SQRT(PI())*(1+E52^2))))))/(1+2*$B$6/3) -> 0.99489323 | H52: 31622.777 | I52: =2*SUMPRODUCT(1-(1+2*$B$6/(3*(1+H52*(EXP(0-$P$41:$P$200^2)+$B$8/(SQRT(PI())*(1+$P$41:$P$200^2))))))/(1+2*$B$6/3),$Q$41:$Q$200) -> 20.621736 | J52: =2*SUMPRODUCT(1-(1+2*$B$6/(3*(1+H52*EXP(0-$P$41:$P$200^2))))/(1+2*$B$6/3),$Q$41:$Q$200) -> 3.2068235 | K52: =SQRT(PI())*((2*$B$6/3)/(1+2*$B$6/3))*H52 -> 28024.956 | P52: 0.88662092 | Q52: =(P53-P51)/2 -> 0.085529948
E53: =-8+27*0.2 -> -2.6 | F53: =(1+2*$B$6/(3*(1+$B$7*(EXP(0-E53^2)+$B$8/(SQRT(PI())*(1+E53^2))))))/(1+2*$B$6/3) -> 0.99074322 | H53: 56234.133 | I53: =2*SUMPRODUCT(1-(1+2*$B$6/(3*(1+H53*(EXP(0-$P$41:$P$200^2)+$B$8/(SQRT(PI())*(1+$P$41:$P$200^2))))))/(1+2*$B$6/3),$Q$41:$Q$200) -> 27.336341 | J53: =2*SUMPRODUCT(1-(1+2*$B$6/(3*(1+H53*EXP(0-$P$41:$P$200^2))))/(1+2*$B$6/3),$Q$41:$Q$200) -> 3.2961308 | K53: =SQRT(PI())*((2*$B$6/3)/(1+2*$B$6/3))*H53 -> 49836.202 | P53: 0.97282819 | Q53: =(P54-P52)/2 -> 0.086950455
E54: =-8+28*0.2 -> -2.4 | F54: =(1+2*$B$6/(3*(1+$B$7*(EXP(0-E54^2)+$B$8/(SQRT(PI())*(1+E54^2))))))/(1+2*$B$6/3) -> 0.98083529 | H54: 100000 | I54: =2*SUMPRODUCT(1-(1+2*$B$6/(3*(1+H54*(EXP(0-$P$41:$P$200^2)+$B$8/(SQRT(PI())*(1+$P$41:$P$200^2))))))/(1+2*$B$6/3),$Q$41:$Q$200) -> 36.175126 | J54: =2*SUMPRODUCT(1-(1+2*$B$6/(3*(1+H54*EXP(0-$P$41:$P$200^2))))/(1+2*$B$6/3),$Q$41:$Q$200) -> 3.3829993 | K54: =SQRT(PI())*((2*$B$6/3)/(1+2*$B$6/3))*H54 -> 88622.693 | P54: 1.0605218 | Q54: =(P55-P53)/2 -> 0.088503812
E55: =-8+29*0.2 -> -2.2 | F55: =(1+2*$B$6/(3*(1+$B$7*(EXP(0-E55^2)+$B$8/(SQRT(PI())*(1+E55^2))))))/(1+2*$B$6/3) -> 0.95925013 | H55: 177827.94 | I55: =2*SUMPRODUCT(1-(1+2*$B$6/(3*(1+H55*(EXP(0-$P$41:$P$200^2)+$B$8/(SQRT(PI())*(1+$P$41:$P$200^2))))))/(1+2*$B$6/3),$Q$41:$Q$200) -> 47.746259 | J55: =2*SUMPRODUCT(1-(1+2*$B$6/(3*(1+H55*EXP(0-$P$41:$P$200^2))))/(1+2*$B$6/3),$Q$41:$Q$200) -> 3.4676257 | K55: =SQRT(PI())*((2*$B$6/3)/(1+2*$B$6/3))*H55 -> 157595.91 | P55: 1.1498358 | Q55: =(P56-P54)/2 -> 0.090192392
E56: =-8+30*0.2 -> -2 | F56: =(1+2*$B$6/(3*(1+$B$7*(EXP(0-E56^2)+$B$8/(SQRT(PI())*(1+E56^2))))))/(1+2*$B$6/3) -> 0.91860615 | H56: 316227.77 | I56: =2*SUMPRODUCT(1-(1+2*$B$6/(3*(1+H56*(EXP(0-$P$41:$P$200^2)+$B$8/(SQRT(PI())*(1+$P$41:$P$200^2))))))/(1+2*$B$6/3),$Q$41:$Q$200) -> 62.789744 | J56: =2*SUMPRODUCT(1-(1+2*$B$6/(3*(1+H56*EXP(0-$P$41:$P$200^2))))/(1+2*$B$6/3),$Q$41:$Q$200) -> 3.5501808 | K56: =SQRT(PI())*((2*$B$6/3)/(1+2*$B$6/3))*H56 -> 280249.56 | P56: 1.2409066 | Q56: =(P57-P55)/2 -> 0.092018775
E57: =-8+31*0.2 -> -1.8 | F57: =(1+2*$B$6/(3*(1+$B$7*(EXP(0-E57^2)+$B$8/(SQRT(PI())*(1+E57^2))))))/(1+2*$B$6/3) -> 0.85588574 | H57: 562341.33 | I57: =2*SUMPRODUCT(1-(1+2*$B$6/(3*(1+H57*(EXP(0-$P$41:$P$200^2)+$B$8/(SQRT(PI())*(1+$P$41:$P$200^2))))))/(1+2*$B$6/3),$Q$41:$Q$200) -> 82.165473 | J57: =2*SUMPRODUCT(1-(1+2*$B$6/(3*(1+H57*EXP(0-$P$41:$P$200^2))))/(1+2*$B$6/3),$Q$41:$Q$200) -> 3.630814 | K57: =SQRT(PI())*((2*$B$6/3)/(1+2*$B$6/3))*H57 -> 498362.02 | P57: 1.3338734 | Q57: =(P58-P56)/2 -> 0.093985751
E58: =-8+32*0.2 -> -1.6 | F58: =(1+2*$B$6/(3*(1+$B$7*(EXP(0-E58^2)+$B$8/(SQRT(PI())*(1+E58^2))))))/(1+2*$B$6/3) -> 0.77950208 | H58: 1000000 | I58: =2*SUMPRODUCT(1-(1+2*$B$6/(3*(1+H58*(EXP(0-$P$41:$P$200^2)+$B$8/(SQRT(PI())*(1+$P$41:$P$200^2))))))/(1+2*$B$6/3),$Q$41:$Q$200) -> 106.79934 | J58: =2*SUMPRODUCT(1-(1+2*$B$6/(3*(1+H58*EXP(0-$P$41:$P$200^2))))/(1+2*$B$6/3),$Q$41:$Q$200) -> 3.7096568 | K58: =SQRT(PI())*((2*$B$6/3)/(1+2*$B$6/3))*H58 -> 886226.93 | P58: 1.4288781 | Q58: =(P59-P57)/2 -> 0.096096327
E59: =-8+33*0.2 -> -1.4 | F59: =(1+2*$B$6/(3*(1+$B$7*(EXP(0-E59^2)+$B$8/(SQRT(PI())*(1+E59^2))))))/(1+2*$B$6/3) -> 0.70596095 | P59: 1.526066 | Q59: =(P60-P58)/2 -> 0.098353726
E60: =-8+34*0.2 -> -1.2 | F60: =(1+2*$B$6/(3*(1+$B$7*(EXP(0-E60^2)+$B$8/(SQRT(PI())*(1+E60^2))))))/(1+2*$B$6/3) -> 0.64738827 | P60: 1.6255856 | Q60: =(P61-P59)/2 -> 0.1007614
E61: =-8+35*0.2 -> -1 | F61: =(1+2*$B$6/(3*(1+$B$7*(EXP(0-E61^2)+$B$8/(SQRT(PI())*(1+E61^2))))))/(1+2*$B$6/3) -> 0.60622468 | P61: 1.7275888 | Q61: =(P62-P60)/2 -> 0.10332302
E62: =-8+36*0.2 -> -0.8 | F62: =(1+2*$B$6/(3*(1+$B$7*(EXP(0-E62^2)+$B$8/(SQRT(PI())*(1+E62^2))))))/(1+2*$B$6/3) -> 0.5792729 | P62: 1.8322316 | Q62: =(P63-P61)/2 -> 0.10604251
E63: =-8+37*0.2 -> -0.6 | F63: =(1+2*$B$6/(3*(1+$B$7*(EXP(0-E63^2)+$B$8/(SQRT(PI())*(1+E63^2))))))/(1+2*$B$6/3) -> 0.56235776 | P63: 1.9396738 | Q63: =(P64-P62)/2 -> 0.10892402
E64: =-8+38*0.2 -> -0.4 | F64: =(1+2*$B$6/(3*(1+$B$7*(EXP(0-E64^2)+$B$8/(SQRT(PI())*(1+E64^2))))))/(1+2*$B$6/3) -> 0.55224619 | P64: 2.0500796 | Q64: =(P65-P63)/2 -> 0.11197195
E65: =-8+39*0.2 -> -0.2 | F65: =(1+2*$B$6/(3*(1+$B$7*(EXP(0-E65^2)+$B$8/(SQRT(PI())*(1+E65^2))))))/(1+2*$B$6/3) -> 0.54689489 | P65: 2.1636177 | Q65: =(P66-P64)/2 -> 0.11519096
E66: =-8+40*0.2 -> 0 | F66: =(1+2*$B$6/(3*(1+$B$7*(EXP(0-E66^2)+$B$8/(SQRT(PI())*(1+E66^2))))))/(1+2*$B$6/3) -> 0.5452226 | P66: 2.2804616 | Q66: =(P67-P65)/2 -> 0.11858597
E67: =-8+41*0.2 -> 0.2 | F67: =(1+2*$B$6/(3*(1+$B$7*(EXP(0-E67^2)+$B$8/(SQRT(PI())*(1+E67^2))))))/(1+2*$B$6/3) -> 0.54689489 | P67: 2.4007897 | Q67: =(P68-P66)/2 -> 0.12216216
E68: =-8+42*0.2 -> 0.4 | F68: =(1+2*$B$6/(3*(1+$B$7*(EXP(0-E68^2)+$B$8/(SQRT(PI())*(1+E68^2))))))/(1+2*$B$6/3) -> 0.55224619 | P68: 2.5247859 | Q68: =(P69-P67)/2 -> 0.12592501
E69: =-8+43*0.2 -> 0.6 | F69: =(1+2*$B$6/(3*(1+$B$7*(EXP(0-E69^2)+$B$8/(SQRT(PI())*(1+E69^2))))))/(1+2*$B$6/3) -> 0.56235776 | P69: 2.6526397 | Q69: =(P70-P68)/2 -> 0.12988025
E70: =-8+44*0.2 -> 0.8 | F70: =(1+2*$B$6/(3*(1+$B$7*(EXP(0-E70^2)+$B$8/(SQRT(PI())*(1+E70^2))))))/(1+2*$B$6/3) -> 0.5792729 | P70: 2.7845464 | Q70: =(P71-P69)/2 -> 0.13403393
E71: =-8+45*0.2 -> 1 | F71: =(1+2*$B$6/(3*(1+$B$7*(EXP(0-E71^2)+$B$8/(SQRT(PI())*(1+E71^2))))))/(1+2*$B$6/3) -> 0.60622468 | P71: 2.9207075 | Q71: =(P72-P70)/2 -> 0.1383924
E72: =-8+46*0.2 -> 1.2 | F72: =(1+2*$B$6/(3*(1+$B$7*(EXP(0-E72^2)+$B$8/(SQRT(PI())*(1+E72^2))))))/(1+2*$B$6/3) -> 0.64738827 | P72: 3.0613312 | Q72: =(P73-P71)/2 -> 0.14296232
E73: =-8+47*0.2 -> 1.4 | F73: =(1+2*$B$6/(3*(1+$B$7*(EXP(0-E73^2)+$B$8/(SQRT(PI())*(1+E73^2))))))/(1+2*$B$6/3) -> 0.70596095 | P73: 3.2066322 | Q73: =(P74-P72)/2 -> 0.14775066
E74: =-8+48*0.2 -> 1.6 | F74: =(1+2*$B$6/(3*(1+$B$7*(EXP(0-E74^2)+$B$8/(SQRT(PI())*(1+E74^2))))))/(1+2*$B$6/3) -> 0.77950208 | P74: 3.3568325 | Q74: =(P75-P73)/2 -> 0.15276475
E75: =-8+49*0.2 -> 1.8 | F75: =(1+2*$B$6/(3*(1+$B$7*(EXP(0-E75^2)+$B$8/(SQRT(PI())*(1+E75^2))))))/(1+2*$B$6/3) -> 0.85588574 | P75: 3.5121617 | Q75: =(P76-P74)/2 -> 0.15801225
E76: =-8+50*0.2 -> 2 | F76: =(1+2*$B$6/(3*(1+$B$7*(EXP(0-E76^2)+$B$8/(SQRT(PI())*(1+E76^2))))))/(1+2*$B$6/3) -> 0.91860615 | P76: 3.672857 | Q76: =(P77-P75)/2 -> 0.16350117
E77: =-8+51*0.2 -> 2.2 | F77: =(1+2*$B$6/(3*(1+$B$7*(EXP(0-E77^2)+$B$8/(SQRT(PI())*(1+E77^2))))))/(1+2*$B$6/3) -> 0.95925013 | P77: 3.839164 | Q77: =(P78-P76)/2 -> 0.1692399
E78: =-8+52*0.2 -> 2.4 | F78: =(1+2*$B$6/(3*(1+$B$7*(EXP(0-E78^2)+$B$8/(SQRT(PI())*(1+E78^2))))))/(1+2*$B$6/3) -> 0.98083529 | P78: 4.0113368 | Q78: =(P79-P77)/2 -> 0.17523721
E79: =-8+53*0.2 -> 2.6 | F79: =(1+2*$B$6/(3*(1+$B$7*(EXP(0-E79^2)+$B$8/(SQRT(PI())*(1+E79^2))))))/(1+2*$B$6/3) -> 0.99074322 | P79: 4.1896385 | Q79: =(P80-P78)/2 -> 0.18150226
E80: =-8+54*0.2 -> 2.8 | F80: =(1+2*$B$6/(3*(1+$B$7*(EXP(0-E80^2)+$B$8/(SQRT(PI())*(1+E80^2))))))/(1+2*$B$6/3) -> 0.99489323 | P80: 4.3743413 | Q80: =(P81-P79)/2 -> 0.18804463
E81: =-8+55*0.2 -> 3 | F81: =(1+2*$B$6/(3*(1+$B$7*(EXP(0-E81^2)+$B$8/(SQRT(PI())*(1+E81^2))))))/(1+2*$B$6/3) -> 0.99658548 | P81: 4.5657277 | Q81: =(P82-P80)/2 -> 0.1948743
E82: =-8+56*0.2 -> 3.2 | F82: =(1+2*$B$6/(3*(1+$B$7*(EXP(0-E82^2)+$B$8/(SQRT(PI())*(1+E82^2))))))/(1+2*$B$6/3) -> 0.99732607 | P82: 4.76409 | Q82: =(P83-P81)/2 -> 0.20200172
E83: =-8+57*0.2 -> 3.4 | F83: =(1+2*$B$6/(3*(1+$B$7*(EXP(0-E83^2)+$B$8/(SQRT(PI())*(1+E83^2))))))/(1+2*$B$6/3) -> 0.9977168 | P83: 4.9697312 | Q83: =(P84-P82)/2 -> 0.20943777
E84: =-8+58*0.2 -> 3.6 | F84: =(1+2*$B$6/(3*(1+$B$7*(EXP(0-E84^2)+$B$8/(SQRT(PI())*(1+E84^2))))))/(1+2*$B$6/3) -> 0.99797573 | P84: 5.1829655 | Q84: =(P85-P83)/2 -> 0.21719382
E85: =-8+59*0.2 -> 3.8 | F85: =(1+2*$B$6/(3*(1+$B$7*(EXP(0-E85^2)+$B$8/(SQRT(PI())*(1+E85^2))))))/(1+2*$B$6/3) -> 0.99817695 | P85: 5.4041188 | Q85: =(P86-P84)/2 -> 0.22528172
E86: =-8+60*0.2 -> 4 | F86: =(1+2*$B$6/(3*(1+$B$7*(EXP(0-E86^2)+$B$8/(SQRT(PI())*(1+E86^2))))))/(1+2*$B$6/3) -> 0.99834555 | P86: 5.6335289 | Q86: =(P87-P85)/2 -> 0.23371381
E87: =-8+61*0.2 -> 4.2 | F87: =(1+2*$B$6/(3*(1+$B$7*(EXP(0-E87^2)+$B$8/(SQRT(PI())*(1+E87^2))))))/(1+2*$B$6/3) -> 0.99849107 | P87: 5.8715464 | Q87: =(P88-P86)/2 -> 0.242503
E88: =-8+62*0.2 -> 4.4 | F88: =(1+2*$B$6/(3*(1+$B$7*(EXP(0-E88^2)+$B$8/(SQRT(PI())*(1+E88^2))))))/(1+2*$B$6/3) -> 0.99861828 | P88: 6.1185349 | Q88: =(P89-P87)/2 -> 0.2516627
E89: =-8+63*0.2 -> 4.6 | F89: =(1+2*$B$6/(3*(1+$B$7*(EXP(0-E89^2)+$B$8/(SQRT(PI())*(1+E89^2))))))/(1+2*$B$6/3) -> 0.99873024 | P89: 6.3748718 | Q89: =(P90-P88)/2 -> 0.26120691
E90: =-8+64*0.2 -> 4.8 | F90: =(1+2*$B$6/(3*(1+$B$7*(EXP(0-E90^2)+$B$8/(SQRT(PI())*(1+E90^2))))))/(1+2*$B$6/3) -> 0.99882931 | P90: 6.6409487 | Q90: =(P91-P89)/2 -> 0.27115021
E91: =-8+65*0.2 -> 5 | F91: =(1+2*$B$6/(3*(1+$B$7*(EXP(0-E91^2)+$B$8/(SQRT(PI())*(1+E91^2))))))/(1+2*$B$6/3) -> 0.99891737 | P91: 6.9171722 | Q91: =(P92-P90)/2 -> 0.2815078
E92: =-8+66*0.2 -> 5.2 | F92: =(1+2*$B$6/(3*(1+$B$7*(EXP(0-E92^2)+$B$8/(SQRT(PI())*(1+E92^2))))))/(1+2*$B$6/3) -> 0.99899598 | P92: 7.2039643 | Q92: =(P93-P91)/2 -> 0.29229549
E93: =-8+67*0.2 -> 5.4 | F93: =(1+2*$B$6/(3*(1+$B$7*(EXP(0-E93^2)+$B$8/(SQRT(PI())*(1+E93^2))))))/(1+2*$B$6/3) -> 0.99906642 | P93: 7.5017632 | Q93: =(P94-P92)/2 -> 0.30352978
E94: =-8+68*0.2 -> 5.6 | F94: =(1+2*$B$6/(3*(1+$B$7*(EXP(0-E94^2)+$B$8/(SQRT(PI())*(1+E94^2))))))/(1+2*$B$6/3) -> 0.99912978 | P94: 7.8110239 | Q94: =(P95-P93)/2 -> 0.31522783
E95: =-8+69*0.2 -> 5.8 | F95: =(1+2*$B$6/(3*(1+$B$7*(EXP(0-E95^2)+$B$8/(SQRT(PI())*(1+E95^2))))))/(1+2*$B$6/3) -> 0.99918696 | P95: 8.1322189 | Q95: =(P96-P94)/2 -> 0.32740751
E96: =-8+70*0.2 -> 6 | F96: =(1+2*$B$6/(3*(1+$B$7*(EXP(0-E96^2)+$B$8/(SQRT(PI())*(1+E96^2))))))/(1+2*$B$6/3) -> 0.99923874 | P96: 8.4658389 | Q96: =(P97-P95)/2 -> 0.34008742
E97: =-8+71*0.2 -> 6.2 | F97: =(1+2*$B$6/(3*(1+$B$7*(EXP(0-E97^2)+$B$8/(SQRT(PI())*(1+E97^2))))))/(1+2*$B$6/3) -> 0.99928577 | P97: 8.8123937 | Q97: =(P98-P96)/2 -> 0.35328695
E98: =-8+72*0.2 -> 6.4 | F98: =(1+2*$B$6/(3*(1+$B$7*(EXP(0-E98^2)+$B$8/(SQRT(PI())*(1+E98^2))))))/(1+2*$B$6/3) -> 0.99932861 | P98: 9.1724128 | Q98: =(P99-P97)/2 -> 0.36702626
E99: =-8+73*0.2 -> 6.6 | F99: =(1+2*$B$6/(3*(1+$B$7*(EXP(0-E99^2)+$B$8/(SQRT(PI())*(1+E99^2))))))/(1+2*$B$6/3) -> 0.99936773 | P99: 9.5464463 | Q99: =(P100-P98)/2 -> 0.38132634
E100: =-8+74*0.2 -> 6.8 | F100: =(1+2*$B$6/(3*(1+$B$7*(EXP(0-E100^2)+$B$8/(SQRT(PI())*(1+E100^2))))))/(1+2*$B$6/3) -> 0.99940356 | P100: 9.9350655 | Q100: =(P101-P99)/2 -> 0.39620904
E101: =-8+75*0.2 -> 7 | F101: =(1+2*$B$6/(3*(1+$B$7*(EXP(0-E101^2)+$B$8/(SQRT(PI())*(1+E101^2))))))/(1+2*$B$6/3) -> 0.99943645 | P101: 10.338864 | Q101: =(P102-P100)/2 -> 0.4116971
E102: =-8+76*0.2 -> 7.2 | F102: =(1+2*$B$6/(3*(1+$B$7*(EXP(0-E102^2)+$B$8/(SQRT(PI())*(1+E102^2))))))/(1+2*$B$6/3) -> 0.9994667 | P102: 10.75846 | Q102: =(P103-P101)/2 -> 0.42781418
E103: =-8+77*0.2 -> 7.4 | F103: =(1+2*$B$6/(3*(1+$B$7*(EXP(0-E103^2)+$B$8/(SQRT(PI())*(1+E103^2))))))/(1+2*$B$6/3) -> 0.9994946 | P103: 11.194493 | Q103: =(P104-P102)/2 -> 0.44458492
E104: =-8+78*0.2 -> 7.6 | F104: =(1+2*$B$6/(3*(1+$B$7*(EXP(0-E104^2)+$B$8/(SQRT(PI())*(1+E104^2))))))/(1+2*$B$6/3) -> 0.99952038 | P104: 11.64763 | Q104: =(P105-P103)/2 -> 0.46203492
...

Sheet Constants
A1: Physical constants (SI, CODATA 2018)
A3: Constant | B3: Value | C3: Unit | D3: Name
A4: Planck constant h | B4: 6.6260701e-34 | C4: J s | D4: hP
A5: speed of light c | B5: 299792458 | C5: m/s | D5: cL
A6: Boltzmann constant k | B6: 1.380649e-23 | C6: J/K | D6: kB
A7: Stefan-Boltzmann sigma | B7: 5.670374e-08 | C7: W m^-2 K^-4 | D7: sigSB
A8: electron mass m_e | B8: 9.1093837e-31 | C8: kg | D8: mE
A9: electron volt | B9: 1.6021766e-19 | C9: J | D9: eV
A10: hydrogen mass m_H | B10: 1.6735e-27 | C10: kg | D10: mH
A11: atomic mass unit | B11: 1.6605391e-27 | C11: kg | D11: amu
A12: classical electron radius r_e | B12: 2.8179403e-15 | C12: m | D12: rE
A13: Thomson cross-section | B13: 6.6524587e-29 | C13: m^2 | D13: sigT
A14: solar radius | B14: 695700000 | C14: m | D14: Rsun
A15: solar luminosity | B15: 3.828e+26 | C15: W | D15: Lsun
... A18: year | B18: 31557600 | C18: s | D18: yr

Sheet Data
A1: Fixed mathematical tables (not inputs). Source: scripts/lte_solvers.py of the course repository.
A3: tau | B3: Hopf q(tau) (exact) | C3: E2(tau) | E3: mu | F3: H(mu) exact | G3: I(mu)/I(1) exact gray | I3: eps | J3: exact S(0)/B (numerical) | K3: sqrt(eps)
A4: 0 | B4: 0.57731952 | C4: 1 | E4: 0 | F4: 1 | G4: 0.34390136 | I4: 1 | J4: 1 | K4: 1
A5: 0.001 | B5: 0.57905525 | C5: 0.99266896 | E5: 0.05 | F5: 1.1365748 | G5: 0.39086964 | I5: 0.3 | J5: 0.54770281 | K5: 0.54772256
A6: 0.0011611433 | B6: 0.57928538 | C6: 0.991661 | E6: 0.1 | F6: 1.2473504 | G6: 0.42896552 | I6: 0.1 | J6: 0.31613915 | K6: 0.31622777
A7: 0.0013482537 | B7: 0.57954469 | C7: 0.99051854 | E7: 0.15 | F7: 1.3508336 | G7: 0.46455351 | I7: 0.03 | J7: 0.17294348 | K7: 0.17320508
A8: 0.0015655158 | B8: 0.57983662 | C8: 0.98922439 | E8: 0.2 | F8: 1.4503514 | G8: 0.49877783 | I8: 0.01 | J8: 0.099436771 | K8: 0.1
A9: 0.0018177881 | B9: 0.58016498 | C9: 0.98775933 | E9: 0.25 | F9: 1.5473262 | G9: 0.5321276 | I9: 0.003 | J9: 0.053661939 | K9: 0.054772256
A10: 0.0021107125 | B10: 0.58053398 | C10: 0.98610187 | E10: 0.3 | F10: 1.6425223 | G10: 0.56486564 | I10: 0.001 | J10: 0.029847575 | K10: 0.031622777
A11: 0.0024508396 | B11: 0.58094821 | C11: 0.98422803 | E11: 0.35 | F11: 1.7364037 | G11: 0.59715161
A12: 0.002845776 | B12: 0.58141276 | C12: 0.98211109 | E12: 0.4 | F12: 1.8292756 | G12: 0.62909037
A13: 0.0033043537 | B13: 0.58193314 | C13: 0.97972135 | E13: 0.45 | F13: 1.9213496 | G13: 0.66075474
A14: 0.0038368281 | B14: 0.5825154 | C14: 0.9770258 | E14: 0.5 | F14: 2.0127788 | G14: 0.69219736
A15: 0.0044551071 | B15: 0.58316608 | C15: 0.9739879 | E15: 0.55 | F15: 2.1036774 | G15: 0.72345753
A16: 0.0051730177 | B16: 0.58389215 | C16: 0.97056725 | E16: 0.6 | F16: 2.194133 | G16: 0.75456533
A17: 0.0060066148 | B17: 0.58470125 | C17: 0.96671928 | E17: 0.65 | F17: 2.284214 | G17: 0.78554432
A18: 0.0069745405 | B18: 0.58560165 | C18: 0.96239498 | E18: 0.7 | F18: 2.3739749 | G18: 0.8164132
A19: 0.0080984408 | B19: 0.5866021 | C19: 0.95754059 | E19: 0.75 | F19: 2.4634597 | G19: 0.84718713
A20: 0.0094034502 | B20: 0.58771192 | C20: 0.95209735 | E20: 0.8 | F20: 2.5527043 | G20: 0.87787849
A21: 0.010918753 | B21: 0.58894089 | C21: 0.94600123 | E21: 0.85 | F21: 2.6417387 | G21: 0.90849753
A22: 0.012678237 | B22: 0.59029932 | C22: 0.93918277 | E22: 0.9 | F22: 2.7305877 | G22: 0.93905282
... A24: 0.01709348 | B24: 0.59344753 | C24: 0.9230731 | E24: 1 | F24: 2.9078105 | G24: 1
A25: 0.01984798 | B25: 0.5952595 | C25: 0.91361507
A26: 0.023046348 | B26: 0.59724502 | C26: 0.90310137
A27: 0.026760113 | B27: 0.59941516 | C27: 0.89143562
A28: 0.031072325 | B28: 0.60178065 | C28: 0.87851721
A29: 0.036079422 | B29: 0.60435157 | C29: 0.8642422
A30: 0.041893378 | B30: 0.60713703 | C30: 0.84850461
A31: 0.048644215 | B31: 0.61014323 | C31: 0.83119809
A32: 0.056482903 | B32: 0.61337726 | C32: 0.81221809
A33: 0.065584744 | B33: 0.61684299 | C33: 0.7914645
A34: 0.076153285 | B34: 0.62054144 | C34: 0.76884502
A35: 0.088424876 | B35: 0.62447035 | C35: 0.7442791
A36: 0.10267395 | B36: 0.62862361 | C36: 0.71770265
... A74: 30 | B74: 0.71044609 | C74: 2.9296694e-15
